C6, rat
C6,declin  rat portfolio man high rat long period
C6,NUM  rat
C5,NUM NUM NUM  thi NUM company direct
C5, mech engin industry
C6,VOID
C6, rat refund NUM NUM NUM
C4,country NUM  improv sou kore taiw saud arab
C6, way debt problem
C5,NUM  NUM NUM NUM moleculon NUM vot stock
C1,strong  japanes invest NUM NUM instru fanny mae NUM chairm david NUM maxwel new conf
C6, rat prepay invest NUM money low rat
C6, rat spring resid construct industry
C6, rat NUM hom ear next year
C6, dat purchas
C6, rat company NUM earn NUM
C1,intern  japanes behavy
C6,low NUM  rat doll japanes institut
C1,littl  furth evid NUM econom trad market rec week NUM cue wal street NUM econom ind
C6,NUM  rat cent bank
C6,key fed fund  rat NUM perc point NUM NUM NUM NUM NUM stock market plung sign mov
C6,high  cost taxpay treasury secret nichola brady speech delivery last night group bank
C3,thos japanes busy  NUM
C1,height japanes  smal busy accel invest japanes company larg vis NUM corp columb pict entertain int
C5, glass company joint vent ronald bodn glass industry execut mitsubish consult
C1,gre  invest new vent
C5,NUM NUM NUM  mor trad company numb NUM NUM affy NUM
C6, rat NUM deposit charg NUM loan
C6,foreign  rat guid gen level act transact
C6,NUM NUM NUM NUM mil semian  pay due yesterday NUM NUM NUM NUM mil seny subordin deb
C6, rat swap transact opt london borough council commerc bank
C6, rat swap deal
C6, rat oth fut rat
C6,NUM  pay debt pay anoth NUM pay
C6, rat municip bank bank
C1,grow  us NUM serv stock sal softw tut serv contract
C6, rat deficit
C6, fed altern minim tax
C4,every import  NUM team popul may chamb commerc maj med NUM NUM NUM NUM promot
C4,nat  new drug
C6,uncertainty regard  rat doll
C1,invest  oil min shar trad defend act doll tim infl
C1,invest  defend NUM stock thos limit NUM expos
C6, incom
C6,cloth company NUM  expens op profit wid margin NUM loss NUM NUM NUM NUM mil year jun NUM
C1,NUM  fail NUM bid
C5,NUM NUM NUM  chain janu fred NUM hubbel equit NUM presid chief execut
C3,unspec  mov new org sep
C6, cost amort goodwil fact loss
C6, rat
C5,mcalpin famy  NUM NUM NUM NUM mil NUM NUM NUM NUM shar
C6, rat assocy record earn NUM
C6,NUM  rat app slow econom
C6,foreign  rat guid gen level act transact
C4,jagu NUM best  company NUM fut pres clim uncertainty poss NUM ridley
C1,NUM  min stak
C6,high  rat slow econom last week NUM NUM NUM thatch NUM cabinet
C3,oth  NUM jahn
C1,invest  slug overal
C6,domest  rat high level anticip infl consum pric last week
C6,NUM  rat treasury bil auct monday
C6,market  rat increas bank cd
C5, beer dairy produc cok licens malays brune NUM consum singap
C6, cov intern cash gen
C6,low  rat NUM NUM NUM execut fed NUM top pri high rat
C6, rat
C6,av  rat NUM NUM NUM citicorp NUM NUM NUM NUM NUM mil week auct NUM commerc pap corp io NUM NUM NUM last week NUM sal
C1,littl  impress oth fed sec ag leg red tap
C1,quick  NUM stol NUM hunt hack west germany
C6,high  rat NUM debt bil bailout congress scrutiny way mean memb
C5,oth timb  NUM NUM NUM NUM mil NUM four quart
C6, octob negoty third bank
C5, certain facil
C5,illeg  beer distribut NUM interest real est alleg conflict NUM interest dummy corp car ins NUM form girlfriend NUM second wif NUM account six bank cambr county
C5, real est alleg conflict NUM interest dummy corp car ins NUM form girlfriend NUM second wif NUM account six bank cambr county
C6,NUM  rat NUM part deal beat NUM chevy cit deal
C6, unsec NUM NUM NUM NUM loan
C6,NUM NUM NUM tru  cost
C6,NUM NUM NUM tru  cost
C6, bond pref item fed altern minim tax certain invest
C6, year
C1,invest  mortg sec
C1, gre deal year
C6, rat mortg sec
C6, mortg homeown month pay
C4,NUM  corp
C5, concern
C1,grow  environ NUM consum much NUM interest refil pack household produc
C1,much  refil pack household produc
C6, NUM month princip pay
C6,fed reserv eas  rat
C6, rat diff NUM west germany
C6,NUM  rat fed fund NUM NUM NUM NUM NUM NUM NUM
C6,low NUM  rat sign NUM econom
C6, rat
C6,NUM  rat doll NUM mark end janu NUM dash NUM mark end novemb
C6,west germ  rat unchang
C6,NUM  rat shaky stock market gloom econom tim al low doll
C6,chem bank NUM NUM  rat opt group company valu er NUM NUM NUM NUM mil charg NUM NUM result
C6, rat opt
C6, rat opt unit
C6, rat environ NUM rat NUM rat
C6, rat opt NUM agr som observ NUM incid bank trust new york NUM valu NUM foreign exchang opt NUM NUM NUM NUM mil
C6, rat opt contract cli fee bank NUM protect advers NUM interest rat swing spec period
C6,chem NUM  rat opt group lead forc field
C6,chem NUM  rat opt group lead forc field
C1, unlik quart big busy
C1,new corp  NUM overha
C6,fed reserv eas  rat econom profit disappoint
C5,min  NUM mil french frant NUM NUM NUM NUM mil NUM mil frant year
C5,min  revenu NUM bil frant
C6, rat sensit rest market fear fed reserv NUM jennison
C6, rat
C3, congress admin
C5,NUM NUM NUM NUM  certain oil gas property NUM ex lend nat canad corp
C6, rat prim perc point NUM NUM NUM company NUM net oil gas revenu mon repay
C5,NUM NUM NUM  NUM real est unit californ publ employ retir system NUM NUM NUM NUM mil
C5,min  extraordin item NUM NUM NUM NUM mil NUM earn fiv pent NUM pent
C5,NUM NUM NUM NUM mil  saud europ bank par NUM NUM NUM NUM mil invest bahama trad company NUM company southbrook hold
C1, stock latest sess
C5, NUM recovery NUM cleanup NUM facil op sev year
C5, build maint man NUM net incom NUM NUM NUM NUM mil NUM cent shar NUM NUM NUM NUM mil NUM cent shar year
C3, electron marketplac market mak
C6, rat
C6, rat cyc
C6, rat ibm NUM NUM NUM NUM bil debt sec
C6, rat
C6,high  rat
C1,NUM  gold util shar
C6,low NUM  rat next NUM day market larry wachtel market analyst NUM sec
C1,grow  brit concern
C6,low  rat invest NUM shar last week
C1, publ hero gest NUM varga llos high posit world NUM ey writ
C5,NUM 
C5,rockefel famy 
C1, dow jon indust av posit territ entir sess
C6, rat excess demand credit part fed govern NUM sheet requir lev buyout transact
C6, rat accommod bifurc credit market
C6,intern  rat diff choreograph trad techn certain oil import NUM NUM interest
C1,NUM 
C6,NUM NUM NUM  rat NUM NUM NUM NUM NUM mil contract equip serv project chil
C6,NUM  rat govern NUM regul week NUM auct
C6, rat NUM NUM NUM bil NUM NUM mat NUM NUM NUM
C6, rat seny sec NUM NUM NUM NUM NUM NUM NUM NUM NUM mov firm NUM NUM interest pay NUM NUM NUM NUM mil
C6,firm NUM  pay NUM NUM NUM NUM mil
C1,NUM  first glant jap NUM min intern trad industry
C1,bit mor  golf posit sign country club golf club mak
C6, rat new hom construct loan
C6, pay last mon
C3,person  john NUM moxley ii NUM search kornferry intern
C1,much  nyu host first conf coop car NUM NUM
C1,invest  stock fund NUM al NUM hin
C4,western  NUM gorbachev
C1, chapt NUM revco exclud right NUM NUM
C4,NUM  restrict competit
C6, new york bank hold company NUM concern NUM NUM NUM NUM mil ronald NUM mandl analyst sanford NUM bernstein co
C2, cbs NUM next season broadcast al basebal playoff NUM televid contract NUM NUM NUM NUM bil
C1,VOID
C1, day invest releas thi week two import econom report
C6,foreign  rat guid gen level act transact
C6, rat certain invest fed reserv board NUM bas NUM rat
C6,NUM NUM NUM  NUM two new issu low NUM interest
C6,low 
C6,NUM  rat NUM NUM NUM last jun
C6, rat NUM NUM NUM lat year NUM NUM NUM NUM NUM NUM fix rat NUM NUM NUM includ right hold declin trad pric bond
C6, pay reset NUM NUM company spokesm pay
C6, rat NUM debt ful fin heal
C4,NUM  sharehold navig mixt
C5, navig mixt partn
C5,gas  amoco NUM NUM canad unit NUM mil canad doll us NUM NUM NUM NUM mil
C6, rat
C5, tissu busy frant spain ita turkey
C6,high brit  rat
C6,high  rat pound britain NUM govern unst
C5,NUM NUM NUM  mitsubish est maj japanes develop property NUM NUM NUM NUM mil
C5,NUM NUM NUM  new company colorado springs colo
C6,NUM  pay
C4, nat sec NUM lehm part problem part answ
C3,oth busy  airlin
C1, two study psyll cholesterol
C1, emigr invest jun NUM assum
C6,net  incom third quart NUM NUM NUM NUM mil NUM NUM NUM NUM mil year
C6, rat NUM NUM NUM
C6, valu NUM claim mor NUM NUM NUM NUM mil minpeco allow claim NUM NUM NUM NUM mil
C6, bond dividend yield common spokesm
C1,VOID
C6,high  NUM lawson
C6,high  rat infl recess
C6, rat
C3,NUM 
C6, tax deprecy bondhold meas chain NUM abl NUM ex debt NUM NUM NUM fisc NUM NUM NUM NUM NUM mil NUM NUM NUM NUM mil
C6, tax deprecy NUM NUM NUM NUM NUM mil
C5,NUM NUM 
C6, every quart top NUM NUM NUM NUM mil dividend prefer stock
C6,NUM  rat NUM NUM NUM NUM NUM NUM end NUM bond rat good buy
C6, rat
C6, rat infl NUM
C6, rat NUM NUM NUM
C6,mortg  rat many new homeown NUM thatch NUM policy widespread disaffect push lab pol
C6,high  rat three polit fail row
C6,high  rat
C6, rat fin flow ord exchang rat
C5,brit petrole NUM NUM aust coal  NUM NUM NUM NUM mil
C1,gre  gam skil
C6,first tim  publ debt NUM NUM NUM NUM bil spend soc sec singl largest govern program
C6, refund NUM NUM NUM NUM mil NUM NUM
C6, court tax disput
C5,NUM NUM NUM equ  NUM partn metromed NUM new york cellul franch
C6, pay debt company NUM
C5,NUM NUM NUM control 
C5,NUM NUM NUM  new cellul company half NUM debt
C4,publ  bel company NUM NUM NUM al cellul pot custom nat NUM top NUM market
C1,subst buy 
C6,high  rat heavy trad deficit
C6, rat
C6, rat irv NUM form wal street account NUM deposit account
C6,less  market broch
C6,key fed fund  rat fed NUM NUM NUM level NUM NUM NUM prevy week
C4,publ 
C6,foreign  rat guid gen level act transact
C2,littl  washington polit earthquak
C1,much  democr way system
C6, pay
C6,NUM NUM NUM NUM  rat
C6, rat prim borrow NUM NUM NUM
C4,best  cbs new work progress hoffm NUM cbs new aw concern NUM lawrenson NUM hoffm NUM form wif
C6, expens
C6,cash 
C5,control  company
C1,som light invest  met
C6,effect  rat NUM NUM NUM NUM mil tot remain bank debt restruct NUM NUM NUM
C6, expens year six cent shar
C6, rat som portfolio man bond valu municip bond market rebound
C6, rat
C1,much 
C1,VOID
C6,NUM  fed incom tax stat loc tax NUM invest
C6,prevail  rat
C6, rat next year
C6, rat
C6, rat fund invest return eq fund cur yield
C6, rat sev year hold NUM day anoth guar period anoth ins NUM contract surrend charg annu
C6,NUM NUM NUM  year NUM NUM NUM rat two year
C6,track market  rat slight lag
C4,nat  oth word crim congress
C4,NUM  man NUM fin cult phys limit
C6,low NUM  rat doll weak pound yen thos fact
C6,NUM  rat attract NUM invest trad doll prec posit
C6,high brit  rat reduc infl
C1,strong buy  yen anoth boon doll many trad
C1,japanes invest  doll yen NUM bond issu persist worry thi year NUM upheav japanes govern
C5, cem newsprint
C6, dat redempt
C6, rat NUM enorm hong NUM expos
C6, rat colony
C5,gas  sal thi week anoth step company NUM strategic review NUM property sacr cow
C5, NUM NUM NUM NUM NUM NUM three oth norweg oil gas produc licens
C6, first year NUM NUM NUM
C6, NUM NUM NUM
C5, trust fund hom equ revolv credit lin loan retail fin divid maryland nat bank second dee trust second mortg singl NUM resid property
C5,half  oil
C5,half brew 
C4,publ 
C6, rat swap fin guar NUM interest rat contract loan contract loan commit opt securit
C1, robert tomsho NUM NUM NUM NUM artic robert redford NUM sund kid get littl respect sund
C4,yo NUM  heart peopl yo NUM perform freshm basketbal play
C3,simil intellect 
C1, light altern fuel fuel heavy crud sulf
C6,fat  pay pric
C6,high  rat infl check ful includ europ monet system NUM NUM mech NUM lawson NUM withdraw littl NUM impact exchang rat NUM chandross
C6, debt NUM NUM NUM NUM NUM NUM
C6,bas  rat highest eight year NUM NUM NUM infl rat highest europ commun
C6,charg  rat law incom tax doubl account system
C6, rat jap NUM NUM NUM NUM leg limit kenj utsunomiy lawy loan troubl
C5,whos NUM  ins tun sug orang juic
C6, expens
C6,period  pay
C1,som  ide
C6, rat week
C6,vary  rat NUM NUM NUM year
C6,semian  pay NUM NUM NUM NUM NUM mil NUM NUM NUM convert subordin deb NUM NUM due dat grac period
C6, pay NUM junk bond septemb
C5,NUM  britain NUM domest sew thread industry NUM shar guterman group
C6,foreign  rat guid gen level act transact
C5, NUM comput reserv partn cov
C5,cov 
C5, fash jewelry access
C1, mat capitol hil lawmak thi week appropry northrop NUM import pentagon program NUM steal bomb
C6, highest law rat
C6,low  rat refin debt som rjr NUM asset
C6,NUM  rat
C6,accru  thi year amount NUM NUM NUM NUM bil NUM
C6, NUM NUM NUM NUM bil wor pik bond trad par accord bond term
C6,accru  rjr bond NUM interest NUM market pric NUM NUM NUM NUM
C6,bond  NUM market pric NUM NUM NUM NUM
C6, rat NUM NUM NUM bank NUM market weak
C6, pap NUM NUM
C6, rat bond par
C5, defens aerospac produc
C1,enh invest  precy met brit polit new main fact pric chancel exchequ nigel lawson
C1,som invest  precy met
C1, long tim
C5,op  declin pric almost certain sign addit sel contract plac
C5,op  numb outstand contract opposit trad delivery
C6,overdu  NUM NUM loan mor fav term regul debt oth NUM bank
C6, mortg real est doldrum year
C6,high  mat cost mortg default som quest lend pract reit
C5,vot  NUM NUM NUM company oth hold NUM NUM NUM
C6,NUM  rat pound doll mark
C6,al  sum year
C6, past contribut
C6, taxfr NUM NUM NUM NUM init contribut
C6, contribut
C6, buildup thos contribut tax treasury sum long run congress budget
C5,min 
C1,littl  sec
C6, pay port bond princip port corp
C6, mat return invest bond discount
C4,econom 
C4,NUM  control transform contain nuclear react word
C1,keen  monet mat cours
C1,keen  board mat treasury
C6,low  rat
C6, rat main reason doll interv gloom report manufact employ friday NUM market drop NUM greensp NUM assocy
C5,bronfm  NUM NUM NUM company NUM equ
C4,NUM  NUM interest copyright
C4, copyright
C4,publ  scholarship sanct copyright
C1,publ  subject mat indispens particul cas verbatim quot vit compon fair us
C4, singl individ congress almost unimagin spee jud process NUM cours morg cas rul appel court
C5,dividend  hugh earn NUM NUM NUM NUM NUM cent big board composit
C5,dividend  ed profit NUM cent NUM NUM NUM NUM big board
C6,ful pay includ  sec credit
C6, NUM NUM NUM NUM mil ps new hampshir NUM NUM NUM bankruptcy court protect
C6,VOID
C6,unpaid  NUM NUM NUM NUM mil
C6,unsec credit  fil
C1,much  congress reg exchang chang
C1, NUM auto execut NUM engin
C6, rat doll NUM valu
C6, rat least end year
C6, penal NUM stat corp tax NUM
C5,short  intern mobl machin NUM NUM shar mon NUM NUM NUM septemb
C5,short  otc stock post NUM NUM NUM jump ris latest period sharpest april NUM NUM drop NUM fact wsj NUM NUM NUM
C6,stabl  rat stock bet valu al tim renaiss presid frank NUM terrizz
C6, day convert
C6, card hold NUM NUM NUM flo period
C6,low NUM  rat brend maliz neg edit money fund report
C6,low  rat last spring
C6,NUM  rat
C6, neg NUM NUM NUM
C6,NUM  incom
C1,gre  gold standard NUM area research
C6,foreign  rat guid gen level act transact
C1, mod vert
C6, incom
C6, princip junk bond grac period bil NUM NUM
C6,company NUM cash  bil NUM NUM NUM NUM mil NUM NUM NUM NUM mil
C6, bil analyst sci tv NUM NUM NUM NUM mil NUM NUM NUM NUM mil cash year
C4, individ institut hold
C6,VOID
C6,cur  bond due NUM NUM NUM NUM convert capit apprecy bond
C6,environ protect program cur  bond NUM NUM NUM
C6,recr program cur  bond NUM NUM NUM NUM NUM NUM NUM NUM NUM
C5,NUM NUM NUM NUM  nat steel drug distribut op
C5, aerospac automot produc mat
C1,act  NUM
C5,famy  spokeswom french group
C4,best  invest publ
C6, expens charg deprecy amort loss produc gain abov av grow company NUM hospit
C5,min 
C5,NUM  joint vent beghin corbehem feldemuehl ag
C5,NUM NUM NUM  NUM hold company intern trad asset unspec unit ferruzz NUM mil frant
C6,japanes  rat bit
C1, bloomingd NUM act bid
C6, debt sec NUM NUM NUM NUM mil first six month NUM
C6, NUM NUM deb
C6, process cbs record oth busy
C1, tax
C6,av  rat NUM NUM NUM citicorp NUM NUM NUM NUM NUM mil week auct NUM commerc pap corp io NUM NUM NUM last week NUM sal
C5, electron part defens technolog automot part fluid technolog pulp timb commun inform serv
C5,NUM NUM NUM work  oth partn hydro congo congoles stat oil company NUM NUM NUM NUM interest kuwait foreign petrole expl NUM NUM NUM NUM stak
C5,NUM NUM NUM  kuwait foreign petrole expl NUM NUM NUM NUM stak
C5,min  NUM mil frant us NUM NUM NUM NUM mil NUM mil frant first half NUM
C6, rat
C1,NUM  sear NUM NUM NUM septemb NUM NUM NUM march
C6,som  incom
C6,foreign  rat guid gen level act transact
C4,consum  smal govern fre trad glob jap op country
C6,NUM  lost check NUM interest ab publ prent hal
C6, ab publ prent hal
C6,NUM  NUM NUM NUM NUM loan
C6,VOID
C4,subst govern  NUM ap court acorn invest int
C3,spec  magazin
C3,idosyncr  read
C1, rtc NUM property larg company stan ross leventh NUM NUM partn
C5,min  moscow hotel NUM vent first NUM hotel soviet un NUM NUM NUM foreign
C6,low  rat govern cov al NUM interest cost stud school program cost
C6,al  cost stud school program cost
C6, cost stud loan bal
C3, black whit hisp oth min vot district lin rac vot NUM candid import trait
C4,narrow  group common good
C4, al NUM constitu non
C3,common  NUM polit map NUM believ
C5,short  nasdaq NUM stock NUM NUM NUM NUM NUM biggest jump NUM NUM NUM last april
C5,rec otc short  stat NUM NUM day nasdaq composit index NUM NUM NUM new york stock exchang NUM NUM NUM
C5,short  fig brok sec firm nat assocy sec deal thos trad NUM NUM trad day gen fin chief econom nasd
C5,tot short  nasdaq stock NUM NUM mil shar NUM mil septemb record level NUM mil shar july NUM
C5,otc short  NUM NUM NUM declin short NUM interest new york stock exchang NUM NUM NUM ris stock exchang NUM period
C5,short  numb shar NUM baromet many stock
C5,short  NUM mil shar NUM mil NUM stock septemb
C5,larg short  gain NUM NUM first execut intel campeau lin broadcast
C5,short  first execut ins issu NUM NUM NUM NUM mil
C5,intel NUM short  NUM NUM NUM campeau NUM increas NUM NUM NUM
C5,biggest short  posit nasdaq
C5,short  som stock arbit
C5,NUM short  surg
C5,short  deposit receipt jagu target ford mot gen mot
C5,short  adob system class shar NUM takeov target lyphom jerrico
C5,short  dat two categ NUM biggest nasdaq stock nat market system NUM smal nasdaq stock part system
C5,short  NUM NUM sec NUM mil shar NUM mil shar NUM issu septemb
C5,octob short  NUM day av dai trad volum smal stock system report period NUM day mon
C5,short  posit least NUM shar NUM NUM ther short posit chang least NUM shar NUM NUM tabl wsj NUM NUM NUM
C6, unsec credit princip NUM interest ps new hampshir bankruptcy cod protect janu biggest chang northeast NUM improv equ hold short shrift
C6, rat bond pric
C1, NUM gould mean burgess od evolv
C6,cur  bond due NUM NUM NUM capit apprecy bond due NUM NUM NUM NUM NUM NUM NUM NUM NUM NUM
C6,cur  bond due NUM NUM capit apprecy bond due NUM paineweb NUM group NUM NUM NUM NUM NUM NUM NUM NUM
C6,cur  ser bond NUM NUM NUM NUM
C6, rat last spring year
C6, rat trend gen mor thos smal invest
C6, cost wang minincomput mak lowel mass
C6, rat next spring
C6,high  expens low earn company certain NUM contract
C5,combust NUM min  stein industry gec alsthom NUM netherland
C6,high  rat corp profit concern prospect recess NUM deal
C1,institut  sess way broad declin wal street weak
C1,som  act op way london NUM lat declin
C1,contin europ  brit lif composit ins
C1,invest  thes issu invest trust fund observ
C5,NUM 
C6,aust  rat acquisit bel group NUM high level shortterm debt condit
C5,oil  sal tot part
C5,oil 
C6,NUM cash  bil bankruptcy court resched lot bank loan junk bond due
C6, NUM NUM purchas dat
C6, rat grow evid econom
C6,low  rat volatil stock market
C1, japanes invest michael mor chief econom daiw sec americ int
C6, rat
C1, NUM bailout bond
C6,fal  rat
C6,tru  cost NUM NUM NUM
C6, princip doll
C5,short  NUM NUM NUM nasdaq NUM market mon NUM NUM
C1, issu london exchang unus step trad NUM market
C1, gm min stak individ talk jagu execut col ford bid first
C1,company NUM  min stak jagu independ
C1,gm NUM  jagu desir NUM company NUM produc grow NUM seg market
C5,NUM  asbesto limit partn canad NUM NUM NUM NUM mil
C5,maj  last year equip typ precid soph produc
C6, rat
C6, rat prob neg econom grow four quart
C3,oth 
C6, rat NUM blumenfeld
C6, rat gen part pric NUM blumenfeld prem addit amount top cd NUM bas valu NUM interest cd NUM increas market valu
C6, NUM NUM NUM NUM
C6, dat liquid maxim NUM NUM NUM NUM
C6,year  NUM interest mat NUM cds NUM account thing retir childr NUM educ
C6, rat
C6, rat
C6, rat hist level NUM NUM NUM NUM NUM NUM immedy impact hous start hous stock NUM industry americ refurb NUM indust system third world econom fav impact NUM budget deficit NUM kemp
C6,bellweth fed fund  rat NUM NUM NUM NUM NUM NUM NUM
C5, eagl NUM sec lend NUM NUM NUM NUM mil NUM NUM NUM NUM mil pay eagl NUM unsec credit
C6, rat deposit thrift withdraw deposit NUM NUM NUM NUM bil NUM interest account
C6, expens
C6, tax deprecy amort
C1,cool bank  transact
C6, rat transact smal fract NUM NUM NUM NUM mil sal NUM ual stock opt
C6,cur  bond due NUM NUM NUM NUM NUM capit apprecy bond due NUM
C6,cur  ser bond NUM NUM NUM NUM NUM NUM NUM NUM
C6, bond pref item fed altern minim tax certain invest
C6, pay
C3,whos NUM sol  respons goodson pap
C5,navig mixt NUM ins  three week
C5,ikega NUM NUM  NUM joint vent two company tokyo
C6, rat effort econom stav recess
C1,much  refcorp bond
C4, min hold invest
C5, new real company lin NUM hold sant fe pac
C6, rat NUM NUM NUM year fund fiv year steph NUM roulac real est consult fund
C6,immedy  pay NUM roulac
C6,miss  pay NUM NUM NUM NUM bil debt right subsidy
C1,invest  NUM land property hold tokyo trad
C6, rat peak deutsch bank dresdn bank NUM mark NUM mark NUM NUM NUM NUM NUM mark
C6,foreign  rat guid gen level act transact
C6, incom NUM NUM NUM NUM NUM NUM NUM bil NUM NUM NUM NUM bil
C6, rat certain invest fed reserv board NUM bas NUM rat
C1,NUM  NUM NUM company part moscow exhibit NUM forrest NUM trad group
C6,cur  rat austral company NUM asset sal NUM interest expens NUM NUM NUM NUM mil year addit certain liabl
C6,high aust  rat pilot strike aust domest airlin revenu company NUM aust sal two reg tv stat queensland stat
C6, tax deprecy NUM NUM NUM NUM mil
C5,VOID
C1, nat ferroelect chip atom rady
C6,NUM  expens NUM NUM interest incom
C6,hefty  pay
C6,som  pay NUM prestigy bloomingd NUM depart stor chain sal
C5, pack industry
C5,vary famy 
C1, ag
C1, swed auto mak NUM automot op littl way im technolog
C1, candy oth artic tobacco shop
C1, swap equ stak NUM carry lufthans west germ airlin decad
C6,foreign  rat guid gen level act transact
C6, NUM NUM
C5, real est many oth busy
C4, NUM constitu NUM garc NUM year
C6,net  bil NUM NUM NUM NUM NUM NUM NUM mil NUM NUM NUM NUM mil
C5, brew med commun nat resourc property
C6, tax brew NUM NUM NUM NUM NUM NUM NUM mil NUM NUM NUM NUM mil
C6,high  rat lab cost
C6, rat low econom world
C1, equ
C1,NUM  nat environ dat NUM
C5,NUM NUM NUM  NUM lee byno NUM NUM NUM NUM mil NUM NUM NUM stak team
C6, rat gas pric two key expens rv buy
C6, rat low com week
C6, rat
C6, incom
C6, rat
C1,strong  japanes invest
C6, rat thos loan
C5,NUM  NUM display NUM frant
C6, rat econom
C6,low  rat oth gen purpos
C5,NUM NUM NUM NUM  NUM shop mal buy NUM
C1, outsid piec NUM ad busy
C4,spec  nih institut NUM rockefel sci doubt NUM baltim NUM unflat publ opin thi congress patron whos NUM behavy NUM baltim mccarthy er
C6, rat thi mon effect
C6, rat subst slowdown plac sterl
C6, rat doll
C1,thin  weekend thi week import NUM trad fig septemb
C1, tomorrow NUM NUM trad fig market ther improv disappoint numb prevy two month
C6,money market NUM high NUM  rat
C6,bank  rat bank yield
C5,NUM  platform hostil bid company
C5,NUM NUM NUM  country NUM largest pap mil
C5,min  new company
C5,control 
C3,oth busy  company
C5,NUM NUM NUM  manhat nat corp
C1, third party regard busy combin
C4,NUM 
C4, littl guy least abl NUM consequ
C1,invest 
C1,solid invest 
C1,littl  treasury bond thursday NUM new govern bond issu
C1,gre buy  met
C1, oth NUM company trad
C5, telecommun robot paint comput softw resta entertain
C4,NUM 
C1,sign buy 
C1,fresh buy  pot NUM deb hous common set tuesday
C1,strong buy  bond market doldrum
C5, act work retir direct NUM NUM NUM sharehold
C2,nat  team san francisco bay NUM sery thi decad ev
C5,whos NUM  three oth direct trust nam childr company NUM found jam patterson tie fast food chain wendy NUM intern int
C1,consid  prospect buy
C4,NUM  stak min peopl foreign wil
C6, mor cash pay sev year
C1,NUM  hors rac NUM monieson hobby
C1,japanes invest  NUM sec solid bas doll NUM yen
C1, du pont stock split dividend boost certain oth NUM issu indust av bet perform broad index
C6,VOID
C3,gen  magazin someth al
C4,black 
C3,many diff econom 
C1,NUM  ozon deplet rel top glob mankind NUM gen carbon dioxid increas combust fossil fuel greenh effect import clim chang ear NUM atmosph tim
C1,overal buy  monday many observ nikke mod gain thi week
C5,min  extraordin item NUM NUM NUM NUM mil NUM NUM NUM NUM mil earn shar NUM pent NUM NUM NUM NUM NUM pent NUM NUM NUM NUM
C1,NUM  difficul deal past sign
C4,NUM NUM  somal singl runway port berber NUM milit aircraft right surveil gulf ad ind oc
C5,us fin  property
C4,VOID
C4, auct hous cli purchas pric estim paint
C4, sotheby NUM NUM levit
C4, dummy corp car ins NUM form girlfriend NUM second wif NUM account six bank cambr county
C4, franch rel refoc company NUM energy grow
C4,VOID
C4, risk partn trelleborg NUM presid
C4, plac coff sug coco exchang oth fut exchang
C4,VOID
C4, standard commit us adv relev standard
C4, NUM involv chin
C6, expens high consolid borrow NUM interest rat
C1,sci  cold fus research
C5, televid serv NUM NUM equip oth acquisit telephon industry
C6,high  rat determin indust nat infl deal
C6,bond NUM  pay
C5,VOID
C6,al NUM  mat buy thing NUM bond juny gradu high school
C6, rat
C6,much  childr spec schools
C6, civil fraud penal
C5, retir commun nevad yo NUM sock
C5, oil wel select group loc resid num oth eag invest
C6, rat company NUM NUM NUM NUM NUM NUM oth rat invest NUM NUM NUM mor
C6,high  rat long
C6, rat high sufficy cash cost ins protect
C6, rat ins NUM door steep prem pay sam amount protect
C6,high  yield policy NUM year
C6,high  rat
C1, technolog sect intern busy machin whos NUM board NUM NUM NUM NUM bil increas NUM stock NUM program
C6,high  rat ess instru campaign
C6,high  rat infl shor pound NUM lawson oth approach econom
C6, rat last NUM month
C1, money
C1, thos kind thing frank salerno vic presid bank trust
C5,short  new york stock exchang second consecut mon thi tim NUM NUM NUM stock exchang NUM third consecut record mon short NUM interest
C5,short 
C5,short  NUM shar NUM NUM NUM shar NUM
C5,amex short  NUM NUM NUM NUM shar NUM shar
C5,amex short  NUM increas mon NUM
C5,short  numb shar return lend
C5,short  borrow shar
C5,short  certain stock
C5,big board short  ratio NUM last mon NUM
C5,short  intern busy machin NUM NUM shar NUM shar mon
C5,short  NUM shar NUM
C5,amex short  volum lead texa air NUM NUM shar NUM
C5,short  posit least NUM shar NUM ther short posit chang least NUM shar NUM
C6, cost NUM NUM NUM NUM mil borrow propos purchas avdel
C6,mor attract  rat NUM mut fund asset NUM NUM NUM NUM bil latest week sharpest increas two year
C6, pay loan revenu bank bailout pack bank NUM NUM capit
C6,foregon  NUM NUM NUM NUM mil loan malays NUM domin polit party unit malay nat org NUM conv headquart complex kual lump
C6, rat
C6,low  rat stock market NUM NUM NUM NUM plung day
C6,key  rat market
C1,watch  sport plummet year ski industry lift
C5,control  NUM repres company NUM board
C6, rat recess
C6, rat pric bond
C6,high  bond
C6, rat sens corp NUM interest cost
C6, cost
C6, rat tim
C6,reset  rat NUM NUM NUM equ kick
C6, rat low
C6,debt 
C5,NUM  NUM low manhat op build NUM opt NUM tow
C5,NUM  atla est NUM NUM interest octob NUM stock market crash
C5,atla est NUM  octob NUM stock market crash
C4,NUM  NUM treasury NUM bad ldc credit
C5,fin  film rainm batm
C4,warn NUM  mgmua gub pet mgm execut NUM daly NUM affidavit
C4,NUM  NUM gub NUM pet columb
C5,columb NUM  studio warn execut talk
C6, NUM sec tax NUM interest treasury issu stat loc level
C5, trust NUM interest oblig bank citibank NUM citicorp affy
C5, oblig bank citibank NUM citicorp affy
C5, NUM facil NUM stat
C5, NUM bil
C5, fin serv book tour ag
C6, NUM NUM NUM NUM NUM NUM NUM mil NUM NUM NUM NUM mil year
C4,clear strategic  delt forc dang gambit
C5, second refinery
C6, incom
C6,VOID
C2, us
C3,subscrib NUM 
C1, abort issu hotlin dai NUM polit newslet spinoff produc abort report NUM polit imply
C1,soviet  pric soyb fut contract
C5,NUM  intern herald tribun group op profit quart NUM NUM NUM NUM mil NUM NUM NUM NUM mil flat revenu
C6, rat
C4,priv 
C5, book fin chin oil serv invest bank
C3,oth busy  som
C5,control  company
C6, incom
C6,low  incom schlumberger NUM NUM NUM NUM bil NUM stock last year
C5,min  NUM mil frant NUM NUM NUM NUM mil NUM mil year
C5,min 
C1,consum  NUM NUM stat law brok pot buy clos property fault lin
C5,NUM  grac energy NUM adjust carry valu certain nat resourc asset part grac energy
C6,high  expens
C5,NUM NUM NUM  company fletch challeng canad ltd
C5,dom NUM  western forest NUM NUM NUM
C5,NUM NUM NUM  western forest two canad bank
C6,NUM  rat unclear
C1,invest  switch NUM weight sid sur NUM mitsuok daiw invest trust
C1, NUM strong earn outlook trad
C1, thos shar deal market nerv wal street NUM volatil high NUM NUM interest rat
C6,high NUM  rat
C6,high  rat NUM NUM NUM NUM NUM
C4,best  stockhold
C6,low  rat
C6,high  margin min loan loss
C5,big board short  NUM NUM NUM mon NUM NUM second declin row
C1,som fresh buy  trad day
C6, rat
C5,man  auct john rothm presid chief execut trust direct corp
C5,man  NUM
C5,NUM  NUM hotel corp NUM man NUM interest NUM thos property
C5, trust corp two las vega NUM
C1, two prevy bid
C6,foreign  rat guid gen level act transact
C6,tight  margin
C6, expens cit wsj NUM NUM NUM
C6,low net  expens
C6, pay bank tokyo NUM NUM
C6, pay august
C5,NUM cellul  market thos mccaw NUM interest thos market lin NUM interest contigu
C5, thos market lin NUM interest contigu
C5, contigu
C4,lin NUM best 
C5,company NUM 
C6,far less  way
C6,high  margin neglig loan loss
C6,brazil  NUM NUM NUM NUM mil NUM NUM NUM NUM mil second quart
C6,NUM NUM NUM net  margin diff yield bank NUM invest rat deposit oth borrow NUM NUM NUM ratio year best industry analyst
C5, transport telecommun forest produc energy real est NUM maj block market thi spring
C3,oth busy  capit hold
C4,publ  stak
C6,NUM  rat unclear
C5, san francisco
C6, rat doll market foc invest commit
C6, NUM shar steel construct elect util company week NUM adv
C6, rat bit year
C5,company NUM equ  sou afric effect NUM NUM
C5,maj  NUM brazil affy reorg NUM NUM drug busy new unit NUM heal car produc
C5,NUM NUM NUM NUM  rocky mountain bankcard system NUM NUM NUM NUM mil colorado nat bank denv cent bank denv
C6,high  rat slow econom grow polit respons fed NUM independ
C4,publ 
C4,publ 
C6,low  rat
C6,low  rat NUM econom expand stabl exchang rat level
C6, bank
C5,NUM NUM  break result busy
C5,NUM brew  effort shar sal fre hous
C5,thos  beef steakh chain joint pepsico NUM country NUM pizz hut chain
C6, rat week doll whil stock trad
C4,best  amr sharehold
C5, solid wast telecommun intern vent capit
C6, hold
C6, company debt
C6,NUM  pay ex rul concern refund tax NUM NUM profit publ company
C6, pay
C6,low  rat NUM categ NUM deduct
C6, least year first fiv
C6,VOID
C6,accru 
C6, deduc engin thes thing
C6,northrop NUM  expens NUM NUM NUM NUM mil NUM NUM NUM NUM mil year
C6,NUM  expens NUM NUM NUM NUM mil NUM NUM NUM NUM mil
C4,entrench 
C6, rat money fund bet yield oth comp invest
C6, govern NUM loan
C5, NUM company environ impair ins
C5,maj 
C6, cost
C4,best NUM  sharehold
C6,init  rat NUM point NUM lib
C6, pay bond
C6,VOID
C6, rat
C6, rat tuesday NUM level
C3,diff  themselv
C4,NUM 
C5,widespread  property fin malays singap
C6,foreign  rat guid gen level act transact
C1, stock
C6,low  incom poor result NUM NUM NUM NUM NUM mil loss sal unit sec settl corp
C6, expens NUM NUM NUM NUM mil
C6, expens NUM third quart NUM NUM NUM NUM mil
C6,sign  rat sav
C5,NUM NUM NUM NUM  work wom work moth NUM lang
C5,tim warn NUM NUM NUM NUM  work wom work moth
C5,min  NUM NUM NUM NUM mil NUM NUM NUM NUM mil NUM period earn shar NUM NUM NUM NUM pent NUM cent NUM pent NUM cent
C5,min  extraordin item NUM NUM NUM NUM mil NUM NUM NUM NUM mil year earn shar NUM pent NUM cent NUM pent NUM cent
C5, property thi catalog
C5,fin  collect
C5,fin  som smal print
C6, rat world NUM downsid pot doll bul
C6,av  rat NUM NUM NUM
C6, pay
C6, rat
C4,publ  washington elit thes budget bureaucr lobby congress staff year restrict diet
C6, NUM stock bank oth fin issu fear japanes NUM interest rat doll check
C1, rec week
C3,oth 
C6,foreign  rat guid gen level act transact
C5,company NUM chem  oth thing petrole addit pharmaceut ingredy polysilicon semiconduc industry
C4,best  mes sharehold stateswest detail NUM propos
C6, cur incom NUM attorney NUM littl rock ark
C1,thi  word pun play
C1,export  many smal canad company foreign sal
C5, real est posit
C3,oth  posit
C5, radio televid stat numb seat fiv
C4,NUM 
C4,NUM  pri panam lead
C6,low  rat
C4,p NUM g NUM  fed level john NUM smal chairm chief execut
C5,NUM NUM NUM NUM  firm may NUM
C6, tax deprecy NUM NUM NUM NUM mil eastern NUM plan comfort level sourc pres yesterday NUM sess
C6, unpaid tax NUM penal return bal NUM NUM NUM less liabl
C6,NUM  rat fed money bank system
C6,key NUM  rat NUM perc point
C6, pay argentin nin month non brazil third quart venezuel
C6,net  margin NUM NUM NUM NUM grow NUM busy loan simil grow mortg
C6,wel fargo NUM net  incom NUM NUM NUM NUM mil NUM NUM NUM NUM NUM NUM NUM mil quart
C5, foreign leas company NUM earn NUM NUM NUM NUM mil
C6,net  NUM diff bank NUM cost fund NUM interest pay quart certain area wholes bank
C6, NUM NUM NUM NUM NUM NUM NUM mil
C6, cost
C6,net  incom third quart NUM NUM NUM NUM NUM NUM NUM mil
C4,best  cac stockhold company
C6, rat invest confid
C4, herd busy
C1,NUM  nat NUM market trad two country minusc NUM NUM NUM NUM bil
C6, cost NUM NUM NUM NUM mil third quart NUM NUM NUM NUM NUM mil
C4,publ  crimin brit law legisl auth doctrin sep pow
C6,fal  rat
C1,gre  last day stev braitm vic presid chem bank new york
C6, rat trend larg drop yield
C6, rat NUM rec high NUM cds brok half perc point bank
C6,NUM  rat tim NUM mehl banxquot
C5, showtim oth cabl op
C6,key fed fund  rat NUM NUM NUM NUM NUM level NUM NUM NUM last week
C5,NUM equ  japanes joint vent murat warn swasey murat machinery
C6,av  rat NUM NUM NUM citicorp NUM NUM NUM NUM NUM mil week auct NUM commerc pap corp io NUM NUM NUM last week NUM sal
C1,VOID
C6, pay NUM NUM NUM NUM bil debt
C6, NUM NUM NUM july NUM NUM NUM NUM NUM
C1, transact borrow bank agr
C1, NUM fund kohlberg krav robert NUM forstman littl NUM robert bass morg stanley NUM NUM fund pan corp
C1,renew  publ top environ third world NUM reput magazin boy search topless trib wom
C1,som advert 
C1, whol subject
C1, old mast NUM NUM busy
C1, paint bid pot buy
C4,NUM 
C5,NUM NUM NUM  datatim NUM subsidy oklahom publ NUM oklahom city electron research serv
C6,NUM NUM NUM  rat fresh loan
C5,equ  kia
C6, rat leonard NUM anctil vic presid bank new england boston
C6, rat stock exchang
C6, rat certain invest fed reserv board NUM bas NUM wednesday octob NUM NUM
C5,ameriga NUM indust gas  subsidy NUM prop busy
C5,NUM NUM NUM  makro int
C1,institut  smal grow stock perform thes stock med term
C1, smal grow stock
C6, dividend NUM NUM NUM act perform sourc ibbotson assocy int
C6,low  rat bank fee ual group
C6, NUM NUM NUM NUM NUM mil equ contribut
C6, rat low NUM
C6, rat doll NUM od NUM maj trad partn NUM NUM cur low level
C6,low  rat
C6,NUM NUM NUM NUM bil includ  NUM year
C6,net  incom NUM NUM NUM quart NUM NUM NUM NUM mil NUM NUM NUM NUM mil
C6, rat NUM fund bank NUM loan custom high morg
C6, pay NUM med NUM brazil loan NUM interest net NUM interest incom NUM NUM NUM NUM mil quart morg
C6,net  incom NUM NUM NUM NUM mil quart morg
C6, net NUM interest incom NUM NUM NUM NUM mil quart morg
C6, incom third period
C6, NUM NUM NUM NUM NUM NUM NUM mil high NUM oth fee gain sal invest sec
C6,ncnb NUM net  margin southeast NUM NUM NUM NUM NUM NUM year
C6,net  incom NUM NUM NUM increas real est loan resid NUM NUM NUM ris consum loan
C6,sec pac NUM net  margin NUM bas point mor mild decreas som maj bank californ mor slug earn
C6, dividend NUM NUM NUM NUM NUM NUM NUM bil
C5,company NUM  nat car rent system int
C6,net  NUM NUM NUM NUM mil
C6, rat
C4,nat econom  priv NUM interest bank invest ultim judg invest qual vary lbo deal lev restruct
C4,priv  bank invest ultim judg invest qual vary lbo deal lev restruct
C1,publ  und bil subject NUM NUM impact air transport mor mund import project memb
C5,min  NUM mil ir punt loss NUM mil ir punt NUM period
C6,NUM  rat govern NUM week treasury bil auct
C1,al 
C6,high  incom
C5,NUM NUM NUM  birkel concern
C6,foreign  rat guid gen level act transact
C5,NUM trad  reg
C6, rat gold doll
C5, oil nat gas fin serv toronto
C5,NUM NUM NUM  new field northeast int
C5,oth  bp petrole develop ses NUM NUM itoh energy NUM NUM deminex sumatr oel NUM
C6, rat NUM loan maj bank day
C1,pot  bank contin europ austral NUM
C6,key  rat
C6,key fed fund  rat NUM NUM NUM NUM NUM level NUM NUM NUM last week
C6,oth  rat
C6,NUM  rat fed
C6,low  rat easy money
C6, rat
C6,NUM  rat reserv bank
C6, rat lend prem
C5,NUM  lockhee
C6, rat tokyo shar pric
C6, rat wild spec
C6,britain NUM bas  rat NUM highest level eight year
C6, rat
C1,NUM simmon NUM  company
C6, rat thi tim NUM doll friday NUM econom al stock NUM tim NUM earn NUM two year
C6, rat mov plu stock
C6, rat exampl posit stock mak NUM invest
C6, rat
C6, rat doll NUM exchang rang
C6, certain NUM takeov
C6,NUM govern bond  rat NUM NUM NUM NUM perc point level octob NUM NUM interest rat year
C6, buy divid gre fool debt NUM icahn
C6, rat bank thos comp takeov
C1, ual transact meet citibank repres
C6, incom thes loan
C6, rat bank low NUM NUM NUM rat bank oth london lib
C6, rat NUM som NUM maj trad partn west germany jap
C6, rat
C6,low  rat cur NUM ap intern invest spec
C6,NUM  rat firm doll NUM intraday high NUM mark NUM yen
C6,domest  rat NUM cur infl impact thos declin
C6, rat funda doll
C6,low NUM  rat
C4, fair ord market resum
C5,NUM  par chain par NUM man NUM altm NUM chain
C5,hook  NUM company
C6, rat market
C5,NUM NUM NUM  wel
C5,much broad busy  pric swing
C1,p NUM g NUM  supercont deterg concern japanes
C5, kor ag
C6, rat new pric dat stock market NUM plung friday
C6, rat many invest
C6, pay debt NUM effect NUM NUM NUM
C6, loan sec esop esop NUM NUM NUM employ NUM stock
C6,cash  pay
C6,cur  rat rang fair valu
C6, rat thi year
C6, rat
C5,metromed NUM new york city cellul telephon  sep transact certain mccaw property contel cellul
C6,foreign  rat guid gen level act transact
C5,min 
C6, rat valu doll busy entir econom
C6,low  rat low doll
C6,NUM  rat NUM effort calm market
C6,key  rat fed fund rat NUM NUM NUM lat friday NUM NUM NUM day
C6,VOID
C3,person 
C5, milit electron NUM marin transport machinery food bev
C6, rat next NUM year fal detail new sery
C6, rat fal NUM
C6,nat NUM bas  rat
C5,bank  simil approv wednesday cie
C6,hefty  pay
C6,som  pay NUM prestigy bloomingd NUM chain sal
C6, rat outlook william sul direct money market research dean wit reynold NUM new york
C6,coupon  pay
C6, pay som NUM NUM NUM NUM NUM bil spec debt sec new NUM integr resourc NUM borrow money
C6, pay
C6, tot NUM NUM NUM NUM bil debt sec
C6,compound  jam grant edit grant NUM NUM interest rat observ ear crit junk bond market
C6,exorbit compound 
C6, rat NUM earn
C5,brit airway  company airpl
C6, incom fee incom
C6, pasok NUM cut NUM NUM NUM NUM mil NUM koskota
C4,mut  gibson gayl NUM NUM fulbright jaworsk
C1,nbc NUM  deal mgmua last week aust concern troubl rais cash
C5,min  NUM rul
C1,nbc NUM  qintex bid mgmnp NUM wright com
C4,NUM  NUM apprecy polit hist NUM al
C4,NUM 
C6, rat NUM perc point amount cit simil borrow jun NUM
C6,exact  rat cur opt
C6, rat declin infl NUM NUM NUM chief execut recess end reg level execut less good new NUM busy
C4, peopl
C6, rat
C6,high  rat NUM lawson conserv party conf battl infl strong cur
C6,NUM  rat cut japanes rat doll fund japanes equ NUM market som invest
C6,NUM  rat NUM NUM NUM
C5,NUM NUM NUM NUM control  honeywel bul int
C6, rat loan cost NUM NUM consum deposit
C1,much  company
C6, rat
C6,NUM NUM NUM tru  cost
C6, rat infl japanes govern bond market low day bank jap NUM discount rat
C5,NUM  NUM unit technolog
C1,reduc NUM  panam liv norieg
C6, pay autom cut
C6,low  rat cont evid domest demand sus econom salomon broth int
C6,fal  rat
C6, rat peopl glob market new york stock exchang flo trad arth cashin jr
C5,metromed NUM new york city cellul telephon  sep transact certain mccaw property contel cellul
C6, corp expens
C6,high  rat necess
C6, pay debt NUM
C6,cash  pay
C4,VOID
C6, rat
C6, rat NUM bas point NUM london interbank rat
C6,high  rat deposit increas competit
C6,net  revenu NUM NUM NUM increas serv fee NUM NUM NUM drop op expens
C6,NUM net  margin NUM quart
C6,declin  rat loan sid bal sheet
C6,reduc  rat larg loan mellon NUM mortg unit hom build addit larg midwest commerc mortg NUM bas
C5, oil gas min disput propos westmin c NUM NUM NUM NUM mil rel tax pool norc part transact
C6, rat fee prevail market rat fact defend thos concert
C5,maj  NUM landin tract busy eurobelg NUM luxembourg
C5,min  landin company joint vent
C6, rat doll rat outlook
C6,NUM  jun NUM NUM NUM NUM
C6,NUM NUM 
C6,low NUM  pay nuclear meltdown
C6, dividend NUM NUM NUM NUM mil NUM NUM NUM NUM mil origin lebow plan may NUM
C6, reset invest bank
C6, junk reset NUM NUM NUM NUM NUM NUM NUM NUM company NUM NUM interest pay NUM NUM NUM NUM mil
C6,company NUM  pay NUM NUM NUM NUM mil
C5,equ  partn hop transact year end
C3,oth 
C1, merg propos NUM tiny riv stateswest airlin
C5, elect produc fin serv broadcast certain policy proc facil adapt situ investig
C6, rat cost pip replac program borrow NUM NUM NUM NUM mil util primerit bank commit staff rat request unjust bas fact NUM extend study
C6, rat thi year
C6,NUM NUM NUM  rat NUM treasury bil priv econom NUM NUM NUM grow NUM NUM NUM rat NUM treasury bil
C5, consum indust produc broadcast
C6,foreign  rat guid gen level act transact
C5, helicopt elev defens indust produc
C6,NUM sep  princip compon
C6,high  rat regul treausry debt
C5,NUM NUM NUM NUM  tank mak NUM ag bav fin min
C5, publ NUM book direct respons advert
C5, sprint gte corp
C6,chas NUM slim net  margin diff charg money disappoint
C6,net  incom NUM NUM NUM NUM NUM NUM NUM mil NUM NUM NUM NUM mil year
C6, pay brazil
C1, pot hum lif
C6, rat city stat mor municip bond
C6, rat NUM debt philip shapiro chief fin massachuset wat resourc auth
C1,buy  hotel
C6, pay mor emphas continu bank lend
C6, pay rec NUM continu bank
C1,nbc NUM  direct challeng anachron ant rul
C6, debt new defens depart comput spac shot sal post work congressm
C6,debt  NUM
C6,net  pay NUM NUM NUM NUM bil stat loc themselv
C1, relig bibl buddh work ev
C1,intens  maj drug company
C1,commerc 
C1,broad  low cholesterol spectr ag
C1,VOID
C6,NUM  rat
C6,high NUM  rat prevy report week brend maliz neg edit holliston NUM newslet
C6, rat friday NUM employ report
C6, rat const year
C5,NUM NUM NUM vot 
C1,VOID
C4,NUM best  al NUM
C6,japanes  rat concert sel cent bank fed NUM NUM interest rat stant stock bond trad
C6,fed NUM  rat stant stock bond trad
C6,NUM cent bank NUM allow  rat fed fight infl firm NUM interest rat doll
C6, rat import infl ind NUM strauss
C4,thi country NUM nat  four fiv intern bank
C6, NUM NUM NUM NUM NUM NUM telephon issu NUM NUM NUM elect util merril lynch NUM NUM bond index
C6,low  rat NUM bond
C1,tremend  protect ev risk
C6, incom NUM bond indust corp oth NUM corp bond NUM treasury bond NUM NUM NUM
C6, expens consolid bas
C6, expens foreign incom tax credit
C6, expens NUM prorat NUM asset
C6,thes  expens NUM foreign tax credit
C6, rat som NUM invest
C5,op  numb contract opposit trad delivery commod decemb contract NUM contract NUM contract
C5,decemb op  NUM ton cop
C5,op  decemb opt cop fut
C5,tot op  cop fut opt NUM ton
C5,op  del supply numb vast maj fut contract trad opt contract unexerc
C5,tight supply NUM op  situ delivery problem
C5,op  mon delivery crunch fut
C6,fraud  expens NUM indict
C6,fraud  expens NUM bog transact govern sec
C6,foreign  rat guid gen level act transact
C5, fin serv
C1, basketbal lot win NUM messaggero rom team ferruzz group
C1, spokeswom
C1,NUM consid  first boston
C6, pay som sec
C1,sery  deal integr
C6, pay jun NUM NUM NUM NUM bil debt process sal cor busy restruct debt
C3,whos NUM cur maj  fre bound problem diff equ
C5,NUM mus video  NUM NUM los angel NUM NUM interest
C5,NUM 
C1, mcorp NUM mvest unit NUM NUM NUM NUM bil trust custody asset
C5,NUM NUM NUM  new company
C6,net  margin
C6,un NUM net  incom low rat loan high rat deposit NUM NUM NUM NUM NUM NUM NUM mil NUM quart
C6,net  incom strong grow loan
C6, rat som bad new takeov front stock market NUM record high
C1, bddp
C6, rat
C6, form addit sec
C6,much 
C6, rat NUM NUM NUM octob NUM mat octob NUM NUM
C6, NUM NUM issu
C6,high  rat weak pound
C1,institut  som NUM NUM issu
C1, NUM cellul phon company NUM NUM
C1, jagu
C6,high  rat equip NUM fin institut
C6,sou afr  rat
C6, rat certain invest fed reserv board NUM bas treasury bond NUM year NUM NUM NUM NUM rat
C6, rat oth georg NUM ludck
C6, rat outlook victim otc NUM biggest technolog issu trad
C6, rat tim invest som otc market NUM lead technolog stock
C6, rat spec weak pric new york stock exchang big board NUM composit index dow jon indust av NUM NUM NUM
C6, rat worry excus NUM
C1, stak company
C6,foreign  rat guid gen level act transact
C6,high  rat austral britain strike aust airlin pilot larg cost sky televid op satellit televid serv britain
C5,min equ  NUM morningst
C5,NUM NUM NUM  neim marc
C5,subst  real est publ util taiw
C6, deduc port loan fair market valu
C5,coast NUM leg property  lawsuit
C5, company employ NUM tax process indust joint vent smal company new technolog larg company technolog
C6, ad tax
C6, adv recipy ir hous bil lend point comply
C5,NUM NUM NUM  electron fin inform serv company
C5,NUM NUM NUM  oth tel direct execut shar
C6,germ  rat
C1, shar NUM process plan sal saatch NUM consult busy
C1,NUM 
C1, company
C1,thomson NUM  ferrant
C1, ferrant NUM NUM emerson elect co
C6,VOID
C6, tax cur NUM interest ser bond due NUM capit apprecy bond due NUM tend opt bond NUM
C5,maj  wast heat recovery facil port arth texa NUM NUM NUM NUM mil
C6, pay jun NUM NUM NUM NUM bil debt process sal cor busy restruct debt
C5, ins brok negoty whitehal sery discuss anoth bid
C4,NUM 
C6,net  incom incom fanny mae NUM invest portfolio interest borrow oth rel cost NUM NUM NUM NUM mil NUM NUM NUM NUM mil year
C1,custom  NUM anoth solv search problem
C1,consid  custom company
C5,NUM equ  pac pap NUM NUM NUM NUM NUM NUM
C5, mak corn syrup starch
C6, rat doll NUM ral
C6, rat fed NUM NUM NUM goal
C6, rat
C6, rat valu doll econom recess
C6,low  rat NUM solv strong doll
C6, rat attain NUM goal
C6, rat foreign exchang concern
C6,fal  rat
C6, rat
C5,sylvio berluscon NUM med  smal stak intern market group invest purpos
C6, rat NUM savaiko
C6,rais  rat europ NUM savaiko
C3,NUM main  firm busy
C6, rat new money NUM NUM NUM NUM med NUM expos four year
C5, larg market new york los angel houston
C6,low  rat stock NUM NUM NUM last week
C6,lor NUM  expens NUM NUM NUM NUM mil lor NUM NUM NUM NUM mil prefer dividend
C6, sav
C4,best  company sharehold
C6, rat attain NUM goal
C6,key  rat
C6,NUM  rat
C6, rat NUM NUM NUM citicorp NUM NUM NUM NUM NUM mil week auct NUM commerc pap corp io NUM NUM NUM last week NUM sal
C5,publ  NUM NUM year gar trumpet play herb alpert partn jerry moss
C5,film  batm rain man gorilla mist
C6,prevail  rat
C1, op seafood resta
C5,NUM NUM NUM  exxon NUM rest
C6, rat cur NUM NUM
C6,NUM  rat
C5, fiv parcel new york city property
C4,sharehold  risk
C5,min  NUM mil frant NUM mil frant correspond period NUM
C4,publ  NUM NUM interest
C4,NUM 
C5,oth  pritzk control hyat hotel chain
C2,particul  landmark florid suprem court last week law abort
C6,soar  rat sam pac
C6, deep discount
C5, NUM gold expl firm NUM attach gold gold cur NUM hist
C6, rat NUM bas point NUM cent bank last week real commit doll interv meas
C5,min  jagu plc jagu independ NUM manufact
C5,NUM equ  three sou afr company raw mat long NUM op
C5,NUM  thos company NUM
C6, pay
C6, thos adv
C6,foreign  rat guid gen level act transact
C6, expens
C6, incom NUM junk mun fund lip analys serv NUM NUM NUM NUM return NUM ins mun fund NUM NUM NUM
C6, incom
C6, incom municip bond mut fund period NUM NUM
C4,NUM 
C6,brit  last week NUM pound NUM ap oth cur
C6,ris  rat poss recess
C6,cur high  rat britain NUM NUM NUM predica NUM
C6, rat
C1,gen  airlin sect NUM invest donald trump NUM bid last week airlin
C6, rat europ
C6, incom
C1,invest  foreign govern bond valu doll foreign sec doll term
C6, rat
C6,foreign  rat peak infl control econom grow condit pric foreign govern bond
C6, rat fresh sign econom weak
C6,fal  rat friday NUM releas NUM septemb employ dat
C6,keep  rat burd corp NUM interest pay
C6,corp  pay
C1, blu chip technolog issu ibm catalyst stock cours
C6, guis controvers structural adjust loan ord arrear NUM loan portfolio
C4,NUM sharehold  NUM fre bank system
C1,invest  NUM stock sect lead issu microsoft intel
C1, two invest partn NUM NUM NUM
C5,min  company
C1,ford NUM  prelud hostil takeov bid
C1, stock
C6,last week NUM coordin  rat increas europ britain NUM bas lend rat ful perc point NUM NUM NUM highest level NUM
C6,britain NUM high  rat policy recess pound steep declin
C6, rat hik decay unit kingdom econom scot green chief deal bank juli baer co
C6, rat increas europ NUM unit fund NUM instru
C1, corp sect
C6, NUM NUM NUM NUM bil NUM year
C6,lowest poss  rat amount fed outlay budget deficit
C6,high  rat exampl busy spend
C6,addit  expens NUM program
C6,VOID
C4,NUM 
C4,NUM 
C4,VOID
C5, telecommun gas nat resourc
C6, prim prim NUM perc point bal
C4,school NUM athlet  NUM boost
C6, rat good econom condit NUM ohio kentucky serv edward NUM brandon chairm chief execut
C6,nat city NUM  incom loan NUM cost fund first half
C6, margin loan rat cost fund NUM daberko op
C6,NUM  rat rel intermedy long rat
C6,oth NUM  rat
C6,NUM  rat
C6,cash  oblig fores fut
C6, sav park NUM NUM NUM NUM mil
C6,reduc  expens
C6, pay jun NUM NUM NUM NUM bil debt
C3, wom min third world
C4, opportun al part NUM tonk stock
C5,control  company
C6,c NUM NUM NUM NUM  pay c NUM NUM NUM NUM mil govern loan second tim four month construct NUM deadlin propos c NUM NUM NUM NUM mil pork plant
C1, busy arrang
C1,littl custom  market mak less room unw posit
C1, becom market mak
C4, publ
C5,NUM NUM NUM vot  NUM airlin carry NUM cit
C6, rat
C4,NUM strategic  NUM trad repres carl hil memb congress last week NUM skin NUM mov
C5,NUM  NUM airlin par NUM shel oil co
C6,foreign  rat guid gen level act transact
C4,publ 
C6, NUM point NUM vienn interbank rat three bil schillings intern tranch credit suiss first boston NUM coordin
C6, rat last spring upward blip rec week
C6, rat NUM account money fund
C1,spec  issu
C1,NUM person  sens polit savvy
C1, educ
C6, rat doll esc tend bush admin
C6,low  rat com week
C6, rat policy mor last mov exchang rat
C6,low  rat upward press doll mak doll sec foreign invest
C6,NUM  last week
C6,low  rat domest econom
C6,low  rat econom condit
C1, princip asset company
C6, rat good tim
C4,best  NUM cli
C6, rat week analyst
C6,NUM  rat NUM rat
C6, rat fed fund overnight loan bank NUM NUM NUM NUM NUM NUM NUM week
C6, rat low
C6, rat new septemb employ report unexpect econom weak
C6,NUM  rat
C1, NUM shar
C6,europ  last week increas thi year met demand deal
C6,high real  rat consum littl cho raw mat inv poss deal
C1,us 
C1,NUM  stock NUM app NUM crash econom recess
C6, rat infl earn project lev merg stock market much cash target company loan acquisit
C6,low  rat dow jon indust av NUM week dow indust NUM point biggest week point adv NUM point week jun NUM NUM
C6, rat
C1, company NUM west coast oil refinery
C6, rat analyst reduc week econom NUM unexpect slug doll NUM continu strength
C6, dividend
C6, NUM NUM NUM NUM mil
C1,VOID
C6,high  rat invest NUM issu excess liquid market fav smal company
C1,buy  jagu saatch saatch pric
C6, rat undesir NUM infl press
C6,high  rat medicin ton strong deal
C5,NUM NUM NUM NUM benef  french luxury good mak lou vuitton moet hennessey good invest
C6,NUM  rat
C6,ris  rat
C6, incom NUM interest check quart
C6, pay NUM loss NUM NUM NUM worst quart two year
C6, rat govern fund whos NUM valu av NUM NUM NUM quart NUM interest pay
C6, rat
C6,VOID
C6, rat bit quart thos fund shortest mat least NUM NUM NUM
C6,low  rat
C6, rat
C4,nat  cas war assum next war rifl missil
C6,high  rat NUM sal
C1,strong  wom NUM sportswear NUM merchand
C5,NUM  NUM bil mark group sal NUM NUM bil mark NUM NUM gienow
C6,britain NUM high  rat
C1, NUM altm NUM janu NUM sigoloff interview
C5,NUM hook NUM maj  special chain
C5,NUM maj  par NUM southern depart stor chain man
C6, pay jun NUM NUM NUM NUM bil debt
C6,av  rat NUM NUM NUM ampl borrow capac execut
C5,NUM NUM NUM  NUM contract indones repsol explorac NUM spain NUM NUM NUM NUM mil
C5,NUM  contract NUM NUM NUM NUM NUM NUM repsol NUM NUM interest NUM NUM NUM
C5,repsol NUM  NUM NUM NUM
C5,siz  northwest jav contract NUM fin flex charl blackburn chairm chief execut max
C1,publ  herb medicin
C4,NUM cli best  pri exempl eth liv
C6,high  rat junk bond fact mor borrow NUM bank loan
C6, rat issu new high govern debt
C6,high corp  pay mod spend consum grow busy cash flow NUM forecast
C6,NUM  rat stock anoth upward boost
C6, rat ful perc point high
C6, pay stat bank
C4,NUM protect 
C6, rat everyon NUM fav
C6, rat
C6, bond NUM sery NUM tax
C5,siz min  telemunch west germ produc company simil invest frant spain
C4, uniform larg part
C6,high  rat
C1,deep  eastern europ soviet un colleg
C1,NUM long  soviet un NUM gat country thi year intellig busy NUM new rol NUM scowcroft NUM deputy
C6, pay
C6, pay new loan
C1, prim tim
C6,debt 
C4,paroch 
C6, purchas dat
C6,harcourt NUM cash  bil NUM NUM NUM NUM mil
C6, NUM NUM NUM NUM mil NUM bond NUM bond NUM interest form addit sec
C6,pay cash  thos sev year
C6,NUM  princip pay
C1, al NUM janson pharmac night
C1,NUM trump NUM  amr week rev sev oth issu takeov restruct spec
C6, rat increas west germany sev oth europ country
C1, takeov stock hilton hotel NUM NUM NUM talk immin bid company
C1,takeov  mor influ company sharehold valu
C6,foreign  rat
C6, rat barclay bank plc oth larg commerc bank NUM bas rat NUM NUM NUM NUM NUM NUM
C6, rat mickey levy chief econom first fidel bank NUM philadelph
C1,broad invest 
C6, rat
C6, rat hik market
C5,op  fig coff sug coco exchang increas NUM contract tot op NUM interest sug NUM contract
C5,op  numb contract opposit trad delivery commod
C5,equ  geograph system green bay NUM mak geograph inform system solv
C6,foreign  rat guid gen level act transact
C6, rat increas europ NUM cent bank
C6, rat ful point surpr someth everybody aloy bischofberg chief econom credit suiss zurich
C6,market  rat rul lib democr party NUM polit stat upset jap NUM econom grow NUM stock market high NUM interest rat
C6,high NUM  rat thos germany jap foreign NUM NUM den jam capel world thi year
C5,NUM NUM NUM  cit group hold NUM japanes oversea acquisit NUM NUM NUM NUM bil septemb NUM NUM NUM NUM bil year
C6, cost
C1, stabl NUM surg prevy year indones
C6, rat worry stock NUM second consecut gain institut invest trust fund clos
C6,high  rat
C6,high  rat lot company earn deal
C6,west germ  rat increas invest issu anoth trad NUM sec aggress desir profit
C1, loc new report improv sug pric past month
C5,min  NUM bil frant
C6, rat stiff competit net NUM interest incom thes loan NUM bil frant NUM NUM NUM year
C5,min  spec item NUM NUM NUM NUM mil NUM NUM NUM NUM mil earn shar NUM pent NUM pent
C6,NUM  rat ful perc point determin effort mark cool europ NUM largest econom infl press
C6,west germany NUM benchmark  rat NUM highest level NUM NUM econom last recess
C5,columb NUM  burbank studio old NUM lot culv city NUM warn two year NUM purchas lorim telepict corp
C5,NUM  film batm rainm gorilla mist
C6, deprecy tax
C6, tax depcrecy cash flow NUM busy
C6,certain  pay NUM discount debt sec
C6, NUM NUM NUM NUM NUM NUM NUM NUM period NUM NUM NUM NUM
C4,publ 
C4,publ 
C6, tax deprecy
C4, sharehold amr stock dividend
C4,publ 
C6, pay sept
C6,brit  rat NUM jun NUM
C6,key  rat
C6, rat shearson lehm hutton analyst adam bennet
C6,rais  rat consum good
C6, rat mor pun downturn govern
C1,subst emot  stak
C6, rat credit fertil crop rot nutry soil som field soy whe corn sunflow sev year cattl
C6, gold bond
C6, gold
C6,lowest poss  rat
C6,lowest govern  rat ear jap NUM
C6, bond NUM NUM NUM going rat NUM NUM gold bond
C6, rat soviet bond gosbank independ monet pow fed
C6,expect  rat NUM NUM NUM
C6,high  rat rat infl
C6, pay com NUM NUM NUM ross
C6,low  rat ord money
C6,bon  rat first three month NUM invest
C1, cert detail prospect
C4,big  reput
C6,NUM NUM  rat NUM NUM NUM
C6, rat tim purchas
C3,commit NUM 
C6,high  rat cur NUM l insolv
C6,VOID
C6,cur  bond due NUM NUM NUM NUM capit apprecy bond due NUM merril lynch capit market group NUM NUM NUM NUM NUM NUM NUM NUM
C6, bond pref item fed altern minim tax
C6, shortfal cash
C1,gre  redwood oregon NUM cascad mountain redwood coast reg northern californ southern oregon
C6,NUM  rat
C6,prospect  rat increas bundesbank cur doll rat annount rat ris today littl effect
C1,invest  company whos NUM shar pric rel NUM property hold
C1,invest  ear afternoon trad
C6,west germ  rat press NUM rat suit
C5,brew  leis food giant
C6, incom
C6, rat aggress bond fund NUM bond fund
C6, oth bond fund fluctu NUM interest rat
C6,ris  rat
C6, rat NUM NUM NUM sterl press
C6,NUM  high today saf bet doll
C3,person 
C6, pay NUM NUM pot
C6,hefty  expens NUM debt load
C1,academ 
C5,sec  property man margaret murph partn new york law firm whit cas
C1,mor  colleg thi fal
C1, pac univers NUM provost joseph NUM past jr
C6,germ  rat
C6,NUM  rat littl steam
C6, rat
C6, rat year dividend
C6,NUM NUM NUM 
C3,person 
C5, NUM network NUM view NUM cho cabl program serv eight oth cabl entertain concern
C3,NUM NUM  goal numb poss research industry
C6, rat biggest gain tuesday NUM sess mix show
C6,high  rat ris wag settl revenu
C1,som  NUM
C5, reconstruct resta
C4,NUM 
C5, bel resourc ltd
C6,unpaid  NUM coupon bond
C6, pay NUM NUM NUM NUM bil debt
C6,foreign  rat
C1,gen  manufact bas strong doll competit posit NUM export NUM seg
C6, rat doll
C6, rat
C1, saf investig flight NUM NUM NUM control begin takeoff littl expery NUM aircraft
C6,foreign  rat guid gen level act transact
C6,high  rat rec poor aust econom ind result
C6,foreign  rat guid gen level act transact
C6, NUM NUM
C1, theolog religy philosoph gen hist russ orthodox church particul
C1, difficul NUM ath colleagu publ NUM
C6, rat prim rat
C6,reduc  rat
C1,congress  bol
C2, NUM
C1,increas  al thing soviet av week receipt thi tim NUM NUM NUM NUM mil level
C1, weapon NUM NUM army chin ind
C5,control  man clyd cablevid NUM cabl televid system glasgow scotland
C6,NUM  rat turn corp earn year
C6, rat earn
C6,key  rat least half perc point thursday
C6,high  rat doll foreign invest
C4,best  NUM wisn NUM sharehold
C6, NUM hold
C6, rat march NUM march NUM attempt infl hous industry strength
C6, rat purchas
C1,ford NUM  europ NUM mak
C1, sign stak jagu
C1, nintendo produc analyst reason nintendo sal NUM NUM NUM NUM NUM NUM NUM bil thi year NUM NUM NUM NUM bil NUM
C6,av  rat NUM NUM NUM citicorp NUM NUM NUM NUM NUM mil week auct NUM commerc pap corp io NUM NUM NUM last week NUM sal
C5, declin property market fin problem
C5,metromed NUM NUM new york franch  NUM NUM NUM NUM bil
C5,larg  biggest market NUM york
C5,metromed NUM  som analyst lin right
C5,NUM NUM NUM vot  NUM NUM NUM equ NUM interest new york city NUM cellul franch
C5,NUM NUM NUM equ  new york city NUM cellul franch
C5,NUM NUM NUM vot  NUM NUM NUM equ NUM interest franch
C5,NUM NUM NUM equ  franch
C1, remaind market merg company
C5,metromed NUM new york 
C5,new NUM metromed NUM  bellsou pric
C5,metromed NUM  iron thing mccaw lin NUM control partn new york franch NUM grubm
C5,NUM  las vega real est mgm grand luxury airlin
C5, partn everyth cent tv system contain oil wel
C6, dividend
C3,doct priv  exempt fund exempt hold company NUM unit report restrict NUM admit
C5,NUM equ  aust op repay certain debt hospit NUM NUM aust subsidy
C6,poss NUM  rat increas
C1,invest  strong earn prospect new produc
C6,high NUM  rat prev market pound NUM firm rec cent bank support lat flurry techn reason
C6, rat fed reserv policy norm robertson chief econom mellon bank NUM pittsburgh
C1,consid invest 
C1,NUM  invest
C6, charg promot
C3,oth 
C6, rat increas germany
C3,oth 
C5,NUM NUM NUM NUM  company anticip stock NUM
C1, fin group select issu ins company
C6, rat
C1,retail  new supply august joseph liro vic presid money market econom NUM warburg sec co
C6,low  rat new tact
C6,low  rat
C6,low  rat japanes new serv
C6,NUM  rat
C6,net  cost NUM NUM NUM NUM mil pennsylvan issu NUM NUM NUM arth heilm direct pennsylvan NUM bureau revenu cash flow debt
C5, oil gas pipelin chem agricult produc
C6,low  cost sign posit cash flow
C1, spec area expl
C1,VOID
C1, project esso resourc canad NUM shel canad NUM gulf canad resourc NUM nin tril cub feet nat gas mackenzy riv delt NUM NUM
C5,NUM  fiv offsh oil gas develop wel
C6, pay debt NUM effect NUM NUM NUM
C6, loan sec esop esop NUM NUM NUM employ NUM stock
C6,cash  pay
C5,NUM cellul  southeast NUM NUM NUM NUM bil
C1,NUM bush NUM  cw ban reag admin NUM mor honest respons posit accord NUM bin modern program way soviet un cw ban
C4,NUM nat  fat NUM collid dang NUM delud
C5,ins  NUM navig mixt NUM bil french frant NUM NUM NUM NUM bil
C1,spec  flurry NUM interest NUM stock past year
C1, NUM stock past year
C5,half group NUM NUM ins  hand pow al NUM fourny accord navig mixt NUM cash hoard NUM bil frant year end
C5,french  new hold company
C6, furth loan
C6,domest  rat NUM NUM NUM country NUM NUM NUM NUM bil year
C4,NUM  competit NUM gorbachev cho NUM glob milit commit
C5,ameriga NUM NUM  unit NUM prop op
C6, rat certain invest fed reserv board NUM bas NUM rat
C6,heavy  pay deprecy
C5,NUM  gen partn NUM rog form trupin assocy NUM NUM invest pledg NUM memorandum invest approv
C5,NUM  NUM NUM NUM air frant NUM hold cur NUM NUM NUM aust airlin
C1,NUM  handicap work every ad
C6,push  rat valu doll
C6, rat valu bond
C5,NUM NUM NUM NUM mil NUM  sev oil gas wel wyom texa alabam new mexico
C5,NUM NUM NUM NUM work  hartzog draw property campbel county wyo
C5, NUM oil gas wel
C6, pay bank NUM lend pay
C5,two company brit thread 
C5,min  NUM NUM NUM NUM mil NUM NUM NUM NUM mil year
C5,min  extraordin item net profit sharehold NUM NUM NUM NUM mil NUM NUM NUM NUM mil
C6, redempt dat
C6,foreign  rat guid gen level act transact
C6, doll NUM rec strength oversea sal profit
C6, rat
C5,min  NUM bil frant NUM NUM NUM NUM mil NUM bil frant first half NUM
C6,bas  particip revenu grow valu apprecy hospit
C5, approv board microbilt NUM sharehold
C6, rat
C6, rat thi week
C6,high  rat doll foreign invest
C6,NUM  rat part intern effort doll low trad fed concret evid NUM econom
C6, rat earn
C6, pay NUM NUM NUM NUM NUM mil rent mortg pay healthc intern
C1, low NUM tax kind anoth
C6,pay  NUM NUM NUM NUM mil loan
C5,ins  frant NUM navig mixt NUM NUM NUM NUM bil
C6,high  rat concern many oth europ market
C6, rat
C1, stock
C6, rat high yesterday govern NUM week treasury bil auct
C6,west germ  rat
C6, fav NUM tre NUM
C6,cash  pay
C5,NUM NUM NUM  meet
C1, franch
C6, rat increas germany thi week
C6, rat increas west germany mov oth west europ country NUM NUM interest rat attract prem thos oth maj nat money doll trad
C6, rat flow fund NUM
C5,NUM NUM NUM work  acr op northwest NUM NUM NUM interest
C5,NUM NUM NUM  alumin energy chem concern viag ag
C5,control  NUM repres company NUM board
C1,soviet  NUM work NUM NUM dark sid fre market
C4,best  adopt
C5, softw hardw develop autom project vis commun
C6, pay
C6, NUM NUM NUM bank debt april last year NUM NUM NUM NUM bil arrear
C5,sec  al NUM asset ext
C6, excess debt al tim
C6,mortg  deduc NUM NUM NUM NUM interest amount NUM tax rat NUM NUM NUM NUM bil mot fuel tax NUM cent gallon NUM NUM NUM NUM bil tax NUM NUM NUM soc sec benefit incom NUM NUM NUM NUM bil tax NUM NUM NUM capit gain hom sal NUM NUM NUM NUM bil tax capit gain dea NUM NUM NUM NUM bil tax distil spirit NUM NUM NUM beer win tax level distil spirit tax NUM NUM NUM NUM bil cigaret tax NUM NUM NUM NUM bil
C5,NUM  olivett NUM NUM NUM result agr
C1,rec unwelcom  NUM stock
C6, oblig pri year NUM tax audit agr
C6, incom fund escrow account settl agr form direct
C6,accru  NUM suspend
C6, tax amount settl
C4,best  NUM shareown NUM custom NUM company disput litig
C5,NUM  grafil NUM NUM NUM NUM resin produc technolog vent
C6,VOID
C5,simmon company equ  calabasa NUM lockhee
C6,high  rat credit purchas
C6, rat certain level spec period
C1, latest bad new arizon util NUM NUM dividend prospect loss NUM chairm cloudy circumst sal NUM stock
C6, rat
C6,overnight  rat govern bond equ record NUM NUM NUM year
C5,engin  takeov met engin conglom NUM employ
C6,domest  rat much nee reliev domest debt serv clim invest
C6, rat march NUM march NUM infl fed rat tim thi sum
C6, cov
C6, rat policy
C6, rat NUM meet tomorrow expect job dat NUM doll NUM ciminero
C6, rat NUM NUM NUM
C6, expens rat ag
C6, rat dow jon indust av NUM ris level quart wal street stil NUM shakeout octob NUM stock market crash
C6, rat merril NUM market four perc NUM NUM NUM
C6, rat thi year volum new debt sec record NUM NUM NUM NUM bil NUM NUM NUM NUM bil year
C1,mor  NUM stock smal issu stock
C1,NUM  coop lif NUM transact
C4, heal car world peac
C1,NUM  fund und nat resourc bil
C5,ins 
C6, rat perc point first nin month thi year issu adv low fin cost record NUM NUM NUM NUM bil debt sec publ NUM NUM NUM NUM bil sam period last year
C6,NUM net  margin diff NUM cost fund loan NUM NUM NUM NUM NUM NUM year NUM consum loan
C5, defens work electron softw
C6,foreign  rat guid gen level act transact
C5,NUM NUM NUM  kendal gold min montan vary property stat californ
C6,NUM  rat
C1,NUM  fed complaint constitu deep recess ear NUM
C6,mod NUM  rat
C6,NUM  rat whil infl rat
C6, rat fin market congress fed erad infl
C6,rais  rat fed recess infl ear NUM
C6,low  rat mor infl
C6,NUM  rat fut
C6, rat
C6,high  rat precy met met NUM NUM invest pric gain increas NUM interest rat
C6, pay
C6,low  rat econom mod pac accel infl fed econom NUM eigh year econom expand
C6, rat
C6, rat
C6, rat fed fund NUM NUM NUM NUM NUM cur target level NUM NUM NUM
C6,real  rat rat infl high
C1,grow  western busy hung eastern europ country furthest market econom
C4,NUM  sony suit japanes electron breach contract NUM gub warn
C4, NUM appear impropry
C5,NUM sandn NUM  ab merc reg fil march NUM
C5,NUM NUM indirect  ab NUM merc reg fil
C4, NUM think issu
C5,NUM NUM NUM NUM  busy
C1, company ronald lightston execut vic presid sev company poss bid tabl
C5,least equ  mgmnp jvcvictor NUM jap NUM NUM NUM matsushit NUM NUM NUM NUM mil joint vent independ hollywood produc larry gordon mot pict
C3,oth 
C3,commun  ballet chicago found presid company
C6,japanes  rat enthusiasm NUM cur near term
C6,low  rat press NUM market NUM econom
C6,west germ  rat
C6,NUM  rat som tim
C6, rat mark weak europ monet system impet west germ rat
C6, pay NUM bond debt
C1,poss  bass famy texa
C1,NUM  bid
C6, rat
C6,market  rat mortg loan oth typ consum credit
C6,NUM  rat
C4,govern NUM  account busy judg
C4,NUM common  capit tax rat
C1,VOID
C6, reduc opt brady plan lik larg sum fresh money mexico
C6, NUM NUM NUM NUM mil debt NUM NUM NUM
C6, al NUM debt princip pay NUM NUM
C5,min  profit sharehold NUM NUM NUM NUM mil NUM NUM NUM NUM mil
C5,min  NUM NUM NUM NUM mil NUM NUM NUM NUM NUM NUM NUM mil NUM period
C6,high  rat rel downturn hous construct repair act
C1,takeov  company
C6,net  margin NUM spread bank fund NUM interest loan
C6,third period NUM net  margin NUM NUM NUM second quart
C1,poss  drug NUM group boycot company drug
C1,NUM  deal sabr NUM NUM stock pric NUM takeov art play airlin
C1, fin buy NUM NUM crandal
C1, hong kong stock market
C1, hong kong market
C1, oversea invest
C5, NUM NUM NUM NUM NUM stak intercontin hotel NUM thi year
C5, brew fin serv nat resourc agribusy asset cash eld sharehold
C4,NUM 
C5, NUM showtim network NUM unit oth company NUM industry NUM biond
C6, cost NUM NUM NUM NUM mil commerc pap program viacom board yesterday
C1,NUM fu NUM  polit
C5,NUM NUM NUM  enron oil gas moody NUM process least NUM NUM NUM NUM mil enron NUM ongo NUM program NUM interest burd moody NUM
C1,poss mark iv  company NUM NUM NUM NUM mil dividend prevy debt hold
C6, redempt dat
C5, fash jewelry assess NUM supply
C3,research  angiotensin ii receiv antagon spokesm merck du pont pack
C6, rat reset
C6,cur  bond NUM capit apprecy bond due NUM merril lynch capit market group NUM NUM NUM NUM NUM NUM NUM mat NUM
C6,NUM NUM NUM cur  bond NUM NUM NUM NUM
C6,foreign  rat guid gen level act transact
C4,NUM best 
C1, quiet market
C6, rat rat
C6, rat
C6, rat NUM london interbank rat invest vary pric
C6,NUM NUM NUM  pay bridg loan op capit
C6, pay NUM NUM NUM NUM mil NUM wat
C6,smal  pay downturn
C6, rat NUM invest doll
C6, escrow account NUM panam fee struggle panam dict
C6,NUM  rat doll NUM strength
C5,combin foreign vot  NUM NUM NUM singl resolv
C6, rat pound NUM weak
C6, rat pound
C4,NUM best  NUM network
C5,min  NUM bil frant NUM NUM NUM NUM mil NUM bil frant first half NUM
C5,al NUM NUM bank  adv
C5,op  cop numb contract eith opposit trad delivery NUM NUM
C5,decemb op  NUM contract
C6,high  rat oth cost supply analyst
C6, incom sal NUM NUM lithograph plat busy du pont co
C4,NUM  NUM numb movy warn fund warn right thos project
C6,world  rat
C6, bank loan mak stock purchas employ stock plan autom reduc airport airway tax tax NUM chem limit refund company lev NUM
C6, rat technolog stock thes underpin market
C6,harcourt NUM  bil NUM NUM NUM NUM mil year john berard harcourt NUM seny vic presid treas
C6,NUM NUM NUM  bank debt NUM NUM NUM NUM interest rat
C3,oth 
C6,extr  deposit troubl NUM ls NUM rat fund
C6, sec ther insufficy fund oth sourc
C6, stat loc incom tax
C6,low  rat bond
C1, revid debt ceil
C1,furth  NUM market NUM franyo
C4,nat 
C6, incom NUM NUM NUM NUM soc sec benefit
C2,som  doct NUM NUM whitak desir johnny plast surgery
C5,NUM NUM NUM work  blackston oil NUM houston op project NUM NUM NUM NUM interest
C5,NUM NUM NUM 
C5,remain  many oth partn
C1, stak rockefel group NUM individ propos rockefel sal
C1,NUM 
C1, company nippon lif tokyo world NUM largest institut invest mitsubish est maj tokyo develop intern property jmb divers NUM NUM concern chicago
C6, incom ernst NUM stev burril
C6, rat govern NUM budget deficit real un exchang rat
C6, rat infl NUM NUM NUM invest distillery NUM property
C6,high  rat horizon mat rat
C6,high  rat desp attempt NUM way solv
C1,gre  med sci commun
C5,divers  lab supply op indust produc
C5,NUM NUM NUM  new hampshir oceanfront develop
C6, NUM NUM NUM cash form mor deb
C4,NUM country NUM  nam NUM ideolog country pract
C3,oth 
C3,person  portug
C6,cur  bond due NUM NUM NUM lazard frer NUM group
C6,low  rat sal hom rebound build
C5, real est
C5,ta NUM  fiv year road
C6, rat NUM invest
C5,min  profit sharehold NUM mil NUM pent shar NUM NUM NUM NUM mil NUM pent shar year
C6, rat abbey
C6,high  expens oth thing johnson control NUM profit NUM NUM NUM last year
C5,min  half NUM mil NUM pent shar bas NUM NUM NUM NUM mil NUM pent shar
C4, consult smal cli big ins company
C4,best  company NUM sharehold
C5,min  NUM william NUM anoth ins concern
C5,NUM NUM NUM NUM  columb rat cok board meet monday
C5,NUM NUM NUM  columb
C3,oth  entertain industry
C6,foreign  rat guid gen level act transact
C4,nat NUM  stat NUM NUM interest man company poss takeov
C4,stat NUM  man company poss takeov
C1, sea newfoundland NUM mil canad doll us NUM NUM NUM NUM mil expl right eight concess NUM acr
C1, expl plan hibern field
C1,addit  thrifts kip weissm attorney silv freedm taff
C6,NUM  rat corp profit
C6, rat increas com week
C6, rat
C6,germ  rat round day thi week dax index tailspin tuesday NUM NUM NUM end wednesday NUM sess
C6,domest  rat bleak mood oth europ stock market widespread brok
C5,NUM NUM NUM  NUM NUM NUM NUM NUM shar
C2, inm
C1,NUM  buy cop
C6, rat NUM NUM NUM meet
C1,littl  bond auct low coupon rat
C6,certain  pay origin issu discount debt sec
C3,system NUM main  empir
C5, lab supply op indust produc
C6,NUM key  rat many oth europ cent bank suit
C6, quart
C6,VOID
C6, borrow deprecy NUM NUM NUM invest tax credit
C4, unit stat NUM wan
C4, unit stat
C5, NUM NUM NUM NUM NUM NUM
C5,NUM NUM NUM NUM indirect  ralph grocery NUM som campeau NUM prim canad property
C6, NUM NUM NUM NUM NUM NUM
C4,best  NUM cli
C4,NUM  mor plant
C4, marin corp contract cas receiv cash NUM lamber
C6,av  rat NUM NUM NUM citicorp NUM NUM NUM NUM NUM mil week auct NUM commerc pap corp io NUM NUM NUM last week NUM sal
C6, loan headlin press short cash ir
C6,NUM report  dividend incom asset tax account ira
C6, joy ir NUM due
C6,al  tax tim retir
C4,NUM person 
C4,custom best  trad NUM account custom approv
C5,NUM NUM NUM 
C6,west germ  rat
C6,rais  rat cur round wag negoty lab un
C6,rais  rat jap west germany rec ris doll NUM valu
C6,domest  rat country NUM NUM NUM NUM NUM NUM govern NUM NUM interest pay NUM domest debt NUM NUM NUM NUM bil year
C6,scheduled NUM NUM NUM NUM bil  pay NUM intern bank
C6,foreign  rat guid gen level act transact
C3,oth busy 
C3,oth busy 
C4, invest scarc new capit wealthiest partn pow term NUM green
C1, addit NUM NUM NUM electron docu transmit
C1,buy  NUM stock fund issu movy company slug
C5,NUM NUM NUM  remain friend company
C6,high  rat big multin
C1, advert publ cabl tv magazin
C6, rat
C6,long cur  term bond NUM
C6,rais  rat way doll NUM strength
C1, divers set invest demand far excess supply
C6,NUM  rat increas key index ev sharp declin
C6,ris  rat
C6,cur  rat strong econom grow west germany
C6,bank  margin
C6,low  rat democr altern budget deficit sav NUM tax break individ retir account
C4,loc  republ NUM tradit conserv econom bas NUM hous
C3,sam econom  NUM wyd
C5,sith energy NUM NUM NUM NUM NUM NUM  three independ pow project
C5,retail  sak fif avenu marshal field tobacco fin serv
C5,short  NUM NUM NUM NUM stock mon NUM
C6, rat high month
C5,NUM NUM NUM NUM  NUM produc curragh resourc NUM NUM control NUM interest NUM op pamo group pamo NUM giant yellowkn min NUM erg resourc NUM pamorex min int
C5,NUM control  NUM op pamo group pamo NUM giant yellowkn min NUM erg resourc NUM pamorex min int
C5, franklin resourc NUM discuss
C5,NUM NUM NUM  NUM pun geotherm vent unit haway elect
C1,stud 
C5,NUM NUM NUM NUM  NUM kaneb pip lin partn limit partn
C5,pipelin 
C4,govern NUM  publ NUM NUM priv party injury al paul gewirtz yal law profess pap contract court
C5, broadcast construct produc
C6,key  rat
C6,high domest  rat nat cur draw money NUM NUM invest cur
C6, rat trad
C6,every  pay dat
C1,NUM  NUM cald vent discount busy
C5, ex sharehold issu new equ two busy london NUM stock exchang
C5,partn  kaneb pip lin partn NUM goldm sach NUM batem eichl hil richard NUM mcdonald NUM sec NUM prescot bal turb NUM rausch pierc refsn int
C5,short  larg smal nasdaq NUM stock NUM NUM NUM jump NUM mon
C5,otc short  last mon
C5,short  NUM NUM NUM larg otc issu NUM NUM NUM NUM NUM smal stock
C5,otc short  latest mon NUM NUM NUM declin short NUM interest new york stock exchang increas NUM NUM NUM stock exchang sam period
C5,short  new york stock exchang increas NUM NUM NUM stock exchang sam period
C5,short  acclaim entertain NUM shar NUM
C5,short  first execut big buy junk bond NUM NUM NUM NUM mil shar
C5,NUM short  jump NUM NUM NUM mil shar
C5,short  novel jagu NUM paul NUM latest mon
C5,short  numb shar
C5,short  spec stock NUM pric many analyst firm bas short NUM interest healthy shar short
C5,short  healthy shar short
C5,short  dat two categ NUM biggest nasdaq stock nat market system NUM smal stock part system
C5,short  NUM nat market system sec NUM mil shar NUM mil shar NUM issu NUM
C5,short  NUM mil shar NUM NUM NUM day NUM av volum
C5,short  posit least NUM shar NUM NUM ther short posit chang least NUM shar NUM tabl wsj NUM NUM NUM
C1,immedy  foreign studio
C4, NUM audit work NUM NUM NUM work cli
C1, phon system mexico supply NUM al
C6, ful perc point mor last spring NUM level many peopl fin NUM biggest invest NUM hom
C6,av  rat NUM NUM mortg maj metropolit area NUM NUM NUM last week NUM NUM NUM lat march bank rat monit palm beach NUM newslet
C6, rat gen mortg rat wint month demand
C6, rat past two year
C4,NUM  addit charg
C6, rat
C6, rat
C6, rat
C6, fix rat loan
C6, rat hard cal profess thes day individ homeown
C5,amoco NUM NUM NUM NUM equ  block NUM northern sea block NUM cent sect
C6,brit bank bas  rat NUM NUM NUM increas next month
C6, rat NUM tim attempt demand import fee infl rat NUM NUM NUM
C6, rat whatev level top infl
C6, rat
C6,high  rat mortg rat high infl
C6,high  rat
C6, rat certain invest fed reserv board NUM bas NUM rat
C6,prom  pay
C6, smallest loan seny lend sery convert stock NUM NUM NUM gen hom equ
C5,NUM domest cellul telephon  bellsou
C1,ven mag NUM 
C6,foreign  rat guid gen level act transact
C5, many busy light plast aircraft engin indust produc apply elect control med system fact autom broadcast fin serv
C6,low  rat high fin structure NUM cur sec
C6, NUM NUM NUM NUM mil NUM NUM NUM
C6, form addit sec market valu NUM NUM NUM NUM NUM mil fac valu fin fallout bank deal thos sec mat
C6, rat
C6, rat
C6,high  rat
C6,overdu  pay bank
C6, pay NUM NUM credit
C6, bank meet intern monet fund world bank
C6,NUM  pay
C3,spec  magazin
C1,NUM law firm  europ liv turf war
C4,foreign bank NUM NUM  chin
C4, NUM joel
C5,NUM  NUM oil gas field NUM stat expl NUM houston
C6,euroy  rat fut contract fledgl tokyo exchang disappoint japanes fut trad
C1, som delaw hudson NUM asset entir railroad
C5,oth 
C6,low NUM domest  rat high bond pric trad
C6,high  rat trad fund man hop mor market adv
C1,buy  friday NUM gain
C1, fresh posit tuesday NUM NUM bal pay fig august
C1,liv  foreign invest strengthening mark market NUM climb
C6, rat spec shar monday
C6, rat concern brak rec spec demand
C6,high europ  rat near term profit som issu market last week NUM string three consecut record
C5,certain oth 
C5,min  NUM bil frant us NUM NUM NUM NUM mil NUM mil frant year
C5,NUM NUM NUM vot  unit NUM NUM NUM NUM mil amount NUM invest NUM NUM NUM NUM NUM NUM NUM mil cash equ purchas
C1, capitol hil lev NUM airlin foreign
C4,publ  sent
C6, rat
C6,NUM NUM  rat thos germany jap
C6,low  rat fruit
C6,domest  rat NUM rat thi week doll high two mark day roberto bianch vic presid un bank switzerland zurich
C5,NUM NUM NUM  cit group bank NUM nationwid busy fin company NUM kangyo bank ltd
C5,NUM NUM 
C1, precy met trad nat doll precy met NUM econom whol
C5,NUM NUM NUM  company new issu quadr shar
C5, fin serv telecommun equip
C6, rat cur
C1,foreign buy 
C1,emerg  NUM NUM auct part japanes david resl chief econom normur sec intern int
C1,strong  NUM pattern yesterday NUM NUM bil sal
C1, loma pap yesterday month
C6, rat next mon
C1, unit
C1, oth ins monarch NUM dis incom produc determin fact company NUM decid unit
C5,NUM  NUM every two year tea lawn upkeep problem
C3,beauty lov  NUM kulan
C3, aspir poet NUM heav aspir engin NUM hel
C6,foreign  rat guid gen level act transact
C6, pay NUM NUM NUM july
C6, pay NUM NUM NUM NUM NUM bil debt NUM NUM NUM NUM stak NUM seabrook NUM pow plant
C4, unil tend brit opposit presid bush canad prim min bri mulroney NUM point
C5,market 
C6, littl bit
C6,high  rat consum spend
C6,healthy  rat NUM NUM bond
C1,NUM poss  jagu
C4,soc  thi asset
C6,NUM NUM NUM  rat bond russ invest
C4,consum NUM best 
C6, pay NUM NUM NUM NUM mil standby loan NUM NUM NUM NUM mil bridg loan NUM debt imf
C4,loc  congress polit party NUM arithmet elect colleg etc
C4,loc  hear congress stat govern hear
C5,fin  ag linta NUM largest NUM cli
C6,NUM  rat discount valu origin loan
C6,high  rat skit invest mor money
C6, rat high mexico NUM sav volatil NUM instru
C6,VOID
C5, cook proxy contest cook
C1, japanes
C1, big board
C5,NUM NUM NUM  sybas NUM develop databas softw
C5,min  anoth company comput softw develop rat system NUM july
C6, pay
C6, rat thi sum job grow
C6,high  rat stronger earn gain
C4,sharehold  new right hold hostil bid mor stock half pric tim
C6, divestit NUM subsidy NUM
C6, rat
C5,oth film  netherland luxembourg west germany frant switzerland spain
C6,unpaid  redempt dat
C6, rat next month
C6,low  rat thi fal
C6,high NUM  rat doll NUM market
C6,low  rat next month furth declin year
C6,low  rat NUM grow
C6, rat
C6, rat
C6, rat
C1,VOID
C4,employ 
C6, due NUM NUM
C5, incom stat bal sheet two company good wil
C5,control  reorg company
C1,exceiv  sharehold paineweb NUM analyst el lustgart
C6, rat
C6, rat
C6, rat upward press doll
C6, rat chang group sev interv exchang market doll
C3,oth 
C5,benef  NUM
C5,seny limit partn  goldm sach
C5,NUM NUM NUM vot  unit NUM equ contribut NUM NUM NUM tot equ NUM NUM NUM NUM mil
C6, last mon fed debt
C5,NUM  mitsubish mot NUM mov NUM auto mak NUM NUM NUM NUM mil tax
C6, judg
C5,NUM NUM NUM NUM  kore indust leas NUM nippon credit bank NUM tokyo NUM NUM NUM NUM mil
C5,equ 
C1,invest  summit technolog visx taunton technolog last mon artic thi newspap three company vert las vis defect
C6, rat NUM NUM auto loan NUM NUM NUM NUM loan NUM NUM NUM NUM loan term NUM model NUM NUM NUM
C1,invest  issu whos NUM pric
C6,domest  rat institut invest week
C6,keep  rat NUM hug deficit
C4,nat 
C4,long entrench  someth polit ita
C6,west germ  rat prevy NUM step dang infl
C6,market  rat thi sum success cash nat NUM econom
C6,west germ  rat intern av cur market high nomin NUM interest rat oth cur
C5, NUM cabl company day telephon serv cabl network
C1, intern market NUM malik
C4,NUM 
C5,min  NUM NUM NUM NUM bil french frant NUM NUM NUM NUM mil first half NUM strong demand maj market produc rang
C6, rat lat july
C6, rat econom act ord infl
C5,min  first half result chang cre NUM joint vent gen elect NUM britain
C6, rat unsound adv
C6, rat tim many reason chang bas credit qual
C6, default
C5, fin serv
C4,NUM 
C5, coat produc stat control mak electrost sim test equip
C1,VOID
C1,retail  bond pric mov techn fact
C4,best  sharehold employ chairm presid chief execut
C6,ris  rat NUM hop rat rat valu bond NUM NUM NUM NUM mil nin month
C5, process control elect semiconduc transport telecommun system NUM anyon post janu theod wiedeman person reason
C5, commun inform fin serv hotel
C1, NUM van kamp
C4,suprem  propos conv NUM treaty three month
C5,short  mon NUM NUM NUM NUM NUM new york stock exchang NUM NUM NUM record stock exchang
C5,short  NUM shar NUM mon
C5,short  NUM shar adjust NUM
C5,short  numb shar return lend
C5,short  borrow shar
C5,short  certain stock
C5,big board short  ratio NUM last mon NUM
C5,tot short  posit
C5,short  volum panhandl eastern NUM pipelin company NUM shar NUM mil
C5,short  posit least NUM shar NUM ther short posit chang least NUM shar NUM tabl wsj NUM NUM NUM
C1,spec 
C5,min  NUM NUM NUM NUM bil french frant NUM NUM NUM NUM mil first half NUM strong demand maj market produc rang
C6,high NUM  rat ris import profit
C6, tax deprecy NUM NUM NUM NUM mil
C6,NUM net  expens NUM NUM NUM NUM mil sam period
C6,NUM NUM NUM NUM  rat
C6, rat econom concern
C3,vot wid  med NUM bikin tre skimpy cov sens part
C5,min  stock NUM debt
C4,company NUM NUM  independ
C1,ford mot NUM  jagu NUM interest foreign car mak whos NUM deposit receipt act issu nasdaq NUM NUM NUM turnov NUM mil
C1, foreign car mak whos NUM deposit receipt act issu nasdaq NUM NUM NUM turnov NUM mil
C6,NUM fed reserv low  rat mov doll NUM invest
C6,NUM  rat sam tim
C6,domest  rat strong trad
C6, rat thursday fear maj downward correct
C1,NUM  thi week NUM NUM NUM mil shar
C5,NUM NUM NUM  NUM NUM NUM NUM NUM florid apart project NUM brisco gen partn
C1,paineweb NUM  busy hud
C4, paineweb sel buy vary ag asset
C4,VOID
C4, preserv NUM hous asset stat ag negoty sal competit bid
C6, money connect acquisit process reg approv acquisit
C6,germ  rat new NUM NUM gross nat produc ear estim
C6,germ  rat NUM gath market poss
C5,NUM domest cellul telephon  bellsou mov thwarting mccaw NUM bid
C6,import  rat
C6, rat
C1, thos party company NUM sal best method improv valu anch sharehold
C6, fund individ account jacob drey vic presid chief econom washington NUM trad group
C3,oth 
C5, elect produc defens electron fin serv broadcast
C4,best  NUM NUM fut company NUM NUM chairm herb alpert jerry moss NUM staff med
C6,foreign  rat guid gen level act transact
C6, pay NUM bond NUM heilem wisconsin brew NUM NUM bond NUM phillip bev NUM minneapol liqu distribut NUM man
C6, rat NUM NUM perc point oth corp loan wel fargo
C6, rat conserv stant
C6, expens slash far undercut NUM competit
C5,big board short  NUM NUM NUM mon NUM NUM
C5, chem resta food produc cookw oth produc
C5,NUM NUM NUM 
C3,oth 
C4,common  common paroch concern
C6, rat
C5,NUM  new jap radio NUM NUM tub design japanes concern
C5, resta NUM serv franch techn NUM marriot hotel resort resid chain
C5,whos NUM  steel electron chem consum produc NUM sal NUM NUM NUM NUM bil
C1,wid  ther much publ rec year drug NUM tre
C1,NUM  thi opportun
C4,consum  old drug NUM NUM interest new drug pat policy gen mak needless NUM hoop
C4,NUM  new drug pat policy gen mak needless NUM hoop
C6, rat grow prospect second half
C5, electron chem energy network NUM company NUM employ NUM country
C5,NUM  olymp york
C6,diverg  rat
C6, rat brit bond NUM bond unchang
C6,low nomin  rat doll
C1,NUM poss  jagu
C5, quant NUM
C5, prescrib NUM drug med supply food household produc
C4, favorit
C2,gen  hom
C6,send  rat kibbutzim themselv
C6,low  rat
C5,min  stor progress robert cont saint mark NUM partn
C6, deduc lbo borrow
C6,high lbo  cost
C6,VOID
C5,equ  sign charg amount NUM
C6, rat today
C6, rat increas
C4,NUM peculi 
C6, rat four perc point prim rat fiv perc point invest bank NUM cost
C6, tax NUM tim NUM earn NUM interest tax deprecy
C6,NUM  pay NUM rapid grow
C6, tax
C6, rat every six month loan outstand wal street lend mor col big equ stak company salomon broth tvx broadcast group televid stat
C5,NUM  paramount commun NUM NUM NUM NUM NUM mil cash assum NUM NUM NUM NUM mil debt
C5, contin airlin NUM main op unit
C1, shar sabr
C5, NUM NUM NUM stand
C5,al NUM  country boliv peru colomb cartel pow
C6,enorm  pay
C6, pay merril lynch NUM index year dat
C6, NUM month campeau NUM subsidy
C6,domest  rat furth buy NUM interest trad
C1,furth buy  trad
C6,high  rat trad
C1, spec merg acquisit
C1,act institut 
C1,auto mak NUM  NUM concern NUM maj surpr
C6, rat increas germany weekend meet fin chief group sev indust country
C6, rat trad particip doll issu
C1,mass japanes  NUM NUM NUM NUM mil asset fund
C1,maj  individ japanes invest
C1, spain fund japanes
C6, rat
C6,NUM  rat bit lat july
C6,low NUM  rat doll
C3,NUM sol  promot travel soc com
C1, plan
C6,NUM  pay NUM debt
C6,NUM NUM NUM  rat
C6, dividend
C5,indust  NUM sou americ austral
C6, rat fed
C6,NUM  rat
C6, rat new conf
C6, NUM NUM
C5, aerospac electron automot graph busy
C5,NUM  plaz commerc comeric war NUM NUM NUM common shar plaz commerc comeric
C6,foreign  rat guid gen level act transact
C3,three spec  magazin NUM famy handym new cho NUM magazin
C3,rel spec  magazin heal partn sal heal buy
C3,NUM busy 
C6, pay
C5, fast food photograph transport hotel room maj acquisit spec cash payout bruc dod seny vic presid chief fin
C6,cur  bond due NUM NUM NUM capit apprecy bond due NUM smi barney har upham NUM group NUM NUM NUM NUM NUM NUM NUM NUM
C6, bond pref item fed altern minim tax
C6,cur  ser bond par NUM NUM NUM NUM NUM NUM NUM NUM
C6,NUM NUM NUM NUM cur  term bond NUM NUM NUM NUM NUM NUM NUM NUM NUM mil NUM NUM NUM NUM cur NUM interest term bond NUM NUM NUM NUM NUM
C6,pay  thi person NUM NUM NUM NUM NUM bil cash invest incom NUM NUM NUM NUM bil NUM interest oblig policyhold expens
C5,min  NUM NUM NUM NUM mil NUM pent shar NUM NUM NUM NUM mil NUM pent first six month NUM
C6,high  rat flag demand new hom britain tarmac NUM opportun first half er pountain tarmac NUM chairm
C6,rais  rat
C6, rat NUM seid latest numb talk rebound
C5,min  profit sharehold NUM NUM NUM NUM mil NUM pent NUM NUM NUM NUM shar NUM NUM NUM NUM mil NUM pent shar
C6,low  rat
C1, hanw money
C5,calm NUM  concret asphalt land develop
C5,NUM NUM NUM NUM  harriet oil field northwestern coast austral NUM NUM NUM NUM mil undisclos profit aviv petrole NUM smal NUM independ oil concern
C5,VOID
C4,custom best  trad custom account NUM approv
C6,foreign  rat guid gen level act transact
C3, adv lobby govern program thos NUM interest
C3,thos 
C6,NUM NUM NUM NUM bil  pay bank monday bank brazil
C6, pay
C6, pay bank
C6, pay bank
C6, pay pres strengthened debt strategy
C5,equ  NUM campeau chairm chief execut NUM NUM NUM NUM NUM NUM
C6, pay due last friday NUM NUM NUM NUM NUM seny subordin deb
C6,high  rat bank deposit dereg im consult thos low opin sav loan cris
C4,yo NUM best  heart neg sid NUM schroer booz al hamilton
C6, new sav michael lip head lip analys serv
C6, rat high cur incom mor stabl return
C6, rat NUM big spik infl last decad rel behavy diff asset
C6,NUM NUM NUM NUM mil  princip pay NUM NUM
C6, due NUM NUM NUM NUM NUM NUM mil deb condit NUM waiv pay
C6, pay
C6, incom process sal
C1, cleveland consult unit NUM alexand proudfoot dun bradstreet som inquiry
C1,less  som smal company NUM siz som fin problem unit
C1,VOID
C6,cur  ser bond NUM NUM NUM NUM NUM
C6,cur  bond NUM NUM capit apprecy bond due NUM
C6,cur  bond NUM NUM NUM NUM NUM NUM NUM NUM
C6,cur  bond due NUM NUM NUM capit apprecy bond due NUM goldm sach NUM group NUM NUM NUM NUM NUM NUM NUM mat capit apprecy bond due NUM
C5, oil gas property sel part company NUM asset
C5, effect NUM NUM stat peat marwick hungerford
C5,NUM  NUM provid liquid july cash short
C6,cash  pay first three year
C6, rat NUM NUM NUM NUM NUM NUM NUM
C6,domest  rat unclear invest act trad
C1,invest  NUM strong earn outlook grow demand NUM hous
C1,buy  earn prospect ex property hold tuesday invest profit trad
C6,germ  rat result particip new posit cas bundesbank defy predict NUM trad
C6,renew  rat reduc NUM fed trad
C6,low  rat domest cur attract NUM NUM invest cur
C6,NUM  rat declin low infl rat NUM yield deal
C6, rat near fut jap NUM cent bank
C4,NUM 
C2,keen  avy commun congress concern imply lev NUM involv foreign airlin transact
C4,publ  saf
C5,company combin vot  NUM NUM NUM NUM NUM NUM NUM mil NUM stak prefer stock
C6,av  rat third consecut week NUM NUM NUM NUM NUM NUM last week citicorp NUM NUM NUM NUM NUM mil week auct NUM commerc pap corp io
C1,gre  admir vict mckusick john hopkin genet oth thing extend research
C5,property  tat
C6,keep  rat er
C6,domest  rat slow demand
C6,domest  rat high econom oth mor corp fail
C6,NUM  bil
C6,high  rat lot
C1,NUM  distribut NUM stock
C3,oth 
C1,NUM bents NUM  NUM think busy NUM interest disco NUM quick profit
C6,NUM  rat
C6, rat yen domest infl press
C5,op  numb contract opposit trad delivery cop NUM contract NUM ton three tim amount cop stor delivery septemb contract
C6, rat
C1, maj institut invest al two NUM company
C5,property  NUM
C5,NUM NUM NUM  century city group hold concern
C5,NUM effect  richfield sev oth affy company NUM NUM NUM
C5,NUM NUM  harp row publ NUM william collin plc NUM NUM NUM NUM bil NUM company new NUM company credit suiss boston
C6, rat certain invest fed reserv board NUM bas NUM rat
C3,oth 
C6, oblig half reg NUM export revenu
C5,outstand min  NUM two princip op subsidy
C4,corp NUM NUM 
C1,less  liquid
C6, charg busy NUM hist NUM NUM NUM NUM grant barry fre improv town hal record
C4,western  NUM bush
C5, par
C1,NUM NUM  capit gain room second flo capitol democr maj NUM commit
C1,gre 
C6, rat margin jap NUM loan NUM NUM NUM loan tokyo bank vast cheap deposit rat thank rigid sav eth nat NUM rat NUM NUM NUM
C6,VOID
C6, select invest
C6,foreign  rat guid gen level act transact
C5, prom
C6,flo  rat origin issu discount
C5,NUM NUM NUM  cit group NUM kangyo bank jap NUM NUM NUM NUM bil
C1, third party
C1,buy  bet qual nam robert lupo man direct smi barney har upham co
C3,oth 
C6,thi year NUM  bil
C6,high 
C6,company NUM  charg
C5,citicorp NUM equ  purchas anoth fin buy anoth lev NUM fund purchas person sal
C6, deprecy NUM NUM NUM NUM mil sal NUM NUM NUM NUM bil fisc NUM july NUM
C1,buy  sug world market stronger ton fut
C6, rat increas europ jap doll hard
C6, rat bundesbank NUM cent bank council meet thursday many analyst coordin NUM contin next four eight week
C6, perc point prim rat
C6, pay last week declin junk bond pric
C5,anoth NUM NUM NUM 
C6, cost next two year
C6,unpaid  NUM NUM redempt dat
C6,semian  due NUM NUM hold record NUM NUM
C5,NUM NUM NUM  matuschk NUM mat main anl trust NUM
C3,phys 
C1,mor 
C1,keen  environ issu
C1,NUM  real est
C6, pay jun NUM NUM NUM NUM bil debt
C1,VOID
C6, rat effort econom act pric
C6,NUM  rat three perc point fed revers cours rat slow econom recess
C5,seny pref limit partn  goldm sach
C5,equ  project contin purchas par process illus transact lincoln subsidy suit
C1,invest 
C5,extend busy  NUM chin invit ev
C1, company NUM fact priv govern fin institut loc invest poss company
C5, broadcast produc jet engin apply plast
C6, pay due friday sery junk bond
C6, NUM NUM NUM NUM NUM seny due NUM NUM interest NUM NUM NUM NUM NUM seny subordin deb due NUM
C6,aggreg  due friday al NUM NUM bond NUM NUM NUM NUM mil
C6, rat NUM sec
C6,ecu  cas high infl spain portug
C6,NUM  rat shar NUM NUM high NUM interest country cur basket study ecu ub phillip drew
C6,NUM ecu market  rat incorp ib cur NUM bas point synthet ecu ref NUM interest rat peset escudo consid
C6, rat NUM sec chang fortun yield constitu credit market greatest influ west germany frant NUM ita
C3,hum  story vienn boy choir mom anschluss
C6, NUM NUM NUM NUM NUM mil year
C6,foreign  rat guid gen level act transact
C5,NUM NUM NUM NUM  fii fyff plc distribut fresh fruit veget unit kingdom
C1, walt disney NUM mca NUM dav NUM marvin dav
C4, invest troubl util increas NUM interest util NUM custom
C4, util NUM custom
C6, pay NUM hug debt NUM seabrook stak
C6,NUM  pay NUM NUM
C1, win fin treasury modest credit project high fin
C6,low  burd
C6,NUM heavy  pay
C6,burdensom  pay NUM junk bond shift junk best way invest money
C6, pay NUM NUM NUM NUM mil junk debt
C6, rat sign recess
C6, pay year
C6,NUM  bil
C6, ual NUM loan NUM group mor fav NUM interest rat
C4,NUM custom 
C5,NUM  newsprint produc
C1,NUM  acquisit
C6,low  rat
C6,high  rat retail sal inv
C6, rat econom god NUM nam tight money econom downturn
C1, al part NUM op
C1, many takeov stock
C1, stock dow jon profess invest report
C6,vary  rat NUM NUM NUM year
C5,NUM NUM NUM  milford hav refinery NUM serv stat NUM interest oil pipelin fiv produc termin
C5, oil pipelin fiv produc termin
C1,increas  famy busy maj account firm invest hous
C6, pay due NUM NUM NUM NUM NUM NUM NUM mil NUM NUM NUM convert subordin deb due NUM default NUM debt
C6, last week
C6, rat diff
C6, rat cent bank prim obstac stronger doll
C1, acquir part al food produc build mat distribut firm
C1, board man shearson lehm hutton NUM firm NUM fin adv altern dig NUM form propos sal entir company som NUM busy unit
C1,poss takeov  company
C5,NUM NUM  part NUM reorg fed bankruptcy law spinoff fight control nat herit NUM board
C5,NUM NUM NUM NUM NUM  fin hom intern NUM NUM NUM NUM NUM mil
C6, pay NUM NUM NUM NUM bil loan increas NUM NUM NUM NUM bil troubl loan year
C1,unw  crucifix
C1,televid NUM  aly land
C6,NUM  pay
C6, rat bank charg NUM NUM NUM dimit economid presid economd NUM whos NUM company thos otc
C6, profit dividend
C6, cost pack cash sec NUM NUM NUM NUM NUM mil debt
C6, cost NUM NUM NUM deb NUM NUM NUM NUM mil NUM NUM NUM stev NUM elba chairm chief execut
C5,certain  ecuad columb indones
C1,VOID
C6,low  rat discount pric rebound consum dur william NUM NUM direct econom forecast NUM chamb commerc
C6,low  rat hop improv cash flow
C5,NUM kiss NUM  limit partn chin vent
C3,NUM kiss NUM busy 
C4,NUM nat 
C4,NUM geopolit  risk winston lord form kiss proteg ambassad chin NUM NUM
C5,commerc  chin sam posit
