C6,NUM NUM rates/nn ./
C6,NUM NUM rates/nn because/in
C6,NUM NUM rates/nn ./
C5,NUM NUM in/in this/dt
C5,NUM NUM in/in the/dt
C6,NUM NUM ./ 
C6,NUM NUM rate/nn on/in
C4,NUM NUM / prompted/vbd
C6,NUM NUM is/vbz the/dt
C5,NUM NUM to/to 70/ab
C1,NUM NUM of/in japanese/jj
C6,NUM NUM rates/nn decline/vbp
C6,NUM NUM rates/nn since/in
C6,NUM NUM rates/nn eventually/rb
C6,NUM NUM to/to the/dt
C6,NUM NUM rates/nn /
C1,NUM NUM in/in japanese/jj
C6,NUM NUM rates/nn has/vbz
C1,NUM NUM in/in further/jj
C6,NUM NUM rates/nn /
C6,NUM NUM rate/nn by/in
C6,NUM NUM costs/nn to/to
C3,NUM NUM / in/in
C1,NUM NUM in/in american/jj
C5,NUM NUM in/in the/dt
C1,NUM NUM in/in making/vbg
C5,NUM NUM or/cc more/jjr
C6,NUM NUM rates/nn they/pp
C6,NUM NUM rates/nn below/in
C6,NUM NUM payment/nn due/jj
C6,NUM NUM rate/nn swap/nn
C6,NUM NUM rate/nn swap/nn
C6,NUM NUM rate/nn swap/nn
C6,NUM NUM payments/nn on/in
C6, NUM rates/nn rose/vbd
C1,NUM NUM in/in use/nn
C6,NUM NUM rates/nn and/cc
C6,NUM NUM on/in which/wdt
C4,NUM NUM on/in their/pp
C4,NUM NUM in/in encouraging/vbg
C6,NUM NUM rates/nn and/cc
C1,NUM NUM was/vbd directed/vbn
C1,NUM NUM was/vbd focused/vbn
C6,NUM NUM income/nn ./
C6,NUM NUM expense/nn exceeds/vbz
C1,NUM NUM in/in helping/vbg
C5,NUM NUM in/in the/dt
C3,NUM NUM / a/dt
C6,NUM NUM costs/nn and/cc
C6,NUM NUM rates/nn ./
C5,NUM NUM / for/in
C6,NUM NUM rates/nn /
C6,NUM NUM rates/nn due/jj
C6,NUM NUM rates/nn below/rb
C4,NUM NUM / for/in
C1,NUM NUM in/in a/dt
C6,NUM NUM rates/nn and/cc
C3,NUM NUM / /
C1,NUM NUM and/cc remained/vbd
C6,NUM NUM rates/nn are/vbp
C6,NUM NUM rates/nn at/in
C6,NUM NUM rates/nn move/vbp
C5,NUM NUM in/in packaging/nn
C6,NUM NUM coverage/nn and/cc
C6,NUM NUM rates/nn /
C6,NUM NUM rates/nn down/rp
C6,NUM NUM rate/nn rose/vbd
C1,NUM NUM / and/cc
C1,NUM NUM in/in mr./np
C6,NUM NUM rates/nn paid/vbn
C5,NUM NUM / would/md
C6,NUM NUM to/to in/in
C5,NUM NUM in/in certain/jj
C5,NUM NUM in/in a/dt
C5,NUM NUM in/in real/jj
C6,NUM NUM rate/nn and/cc
C6,NUM NUM he/pp was/vbd
C6,NUM NUM cost/nn ./
C6,NUM NUM cost/nn ./
C6,  on/in the/dt
C6,NUM NUM rates/nn a/dt
C1,NUM NUM in/in mortgage/nn
C1, NUM is/vbz a/dt
C6,NUM NUM rates/nn on/in
C6,NUM NUM monthly/rb /
C4,NUM NUM of/in the/dt
C5,NUM NUM in/in manufacturing/vbg
C1,NUM NUM in/in the/dt
C1,NUM NUM in/in refillable/jj
C6,NUM NUM only/rb for/in
C6,NUM NUM rates/nn ./
C6,NUM NUM rate/nn differentials/nn
C6,NUM NUM rates/nn /
C6,NUM NUM rates/nn and/cc
C6,NUM NUM rates/nn decline/vbp
C6,NUM NUM rates/nn to/to
C6,NUM NUM rates/nn /
C6,NUM NUM rates/nn /
C6,NUM NUM rate/nn options/nn
C6,NUM NUM rate/nn options/nn
C6,NUM NUM rate/nn options/nn
C6,NUM NUM rate/nn environment/nn
C6,NUM NUM rate/nn options/nn
C6,NUM NUM rate/nn options/nn
C6,NUM NUM rate/nn options/nn
C6,NUM NUM rate/nn options/nn
C1,NUM NUM from/in an/dt
C1,NUM NUM in/in health-care/nn
C6,NUM NUM rates/nn soon/rb
C5,NUM NUM / surged/vbd
C5,NUM NUM / on/in
C6,NUM NUM rate/nn sensitives/nn
C6,NUM NUM rates/nn ./
C3,NUM NUM in/in congress/np
C5,NUM NUM in/in certain/jj
C6,NUM NUM rate/nn of/in
C5,NUM NUM in/in its/pp
C5,NUM NUM but/cc before/in
C5,NUM NUM in/in saudi/np
C1,NUM NUM in/in stocks/nn
C5,NUM NUM in/in solid-waste/nn
C5,NUM NUM in/in building/nn
C3,NUM NUM are/vbp in/in
C6,NUM NUM rates/nn ./
C6,NUM NUM rate/jj cycles/nn
C6,NUM NUM rates/nn /
C6,NUM NUM rates/nn could/md
C6,NUM NUM rates/nn are/vbp
C1,NUM NUM in/in gold/nn
C6,NUM NUM rates/nn over/in
C1,NUM NUM in/in the/dt
C6,NUM NUM rates/nn made/vbd
C1,NUM NUM in/in public/jj
C5,NUM NUM ./ 
C5,NUM NUM ./ 
C1,NUM NUM / however/rb
C6,NUM NUM rates/nn will/md
C6,NUM NUM rates/nn are/vbp
C6,NUM NUM rate/nn differentials/nn
C1,NUM NUM ./ 
C6,NUM NUM rate/nn /
C6, NUM rates/nn rose/vbd
C6,NUM NUM rate/nn 8.07/ab
C6,NUM NUM rate/nn on/in
C6,NUM NUM payments/nn by/in
C1,NUM NUM at/in first/jj
C1,NUM NUM in/in golf/nn
C6,NUM NUM rates/nn charged/vbn
C6,NUM NUM payments/nn last/jj
C3,NUM NUM / says/vbz
C1,NUM NUM that/in nyu/np
C1, NUM in/in stock/nn
C4,NUM NUM to/to see/vb
C1,NUM NUM / /
C4,NUM NUM / probably/rb
C6,NUM NUM charges/vbz the/dt
C2,NUM NUM to/to cbs/np
C1, NUM instead/rb decreased/vbd
C1, NUM waned/vbd as/in
C6,NUM NUM rates/nn below/rb
C6, NUM rates/nn on/in
C6,NUM NUM and/cc set/vbn
C6,NUM NUM ./ 
C6,NUM NUM rate/nn to/to
C6,NUM NUM rate/nn starting/vbg
C6,NUM NUM payments/nn on/in
C6,NUM NUM rate/nn on/in
C4,NUM NUM as/in a/dt
C5,NUM NUM / which/wdt
C5,NUM NUM from/in amoco/np
C6,NUM NUM rates/nn dipped/vbd
C5,NUM NUM in/in tissue/nn
C6,NUM NUM rates/nn ./
C6,NUM NUM rates/nn wo/md
C5,NUM NUM to/to mitsubishi/np
C5,NUM NUM in/in the/dt
C6,NUM NUM payments/nn ./
C4,NUM NUM of/in national/jj
C3,NUM NUM / the/dt
C1,NUM NUM / it/pp
C1, NUM in/in emigration/n
C6, NUM income/nn for/in
C6,NUM NUM rate/nn of/in
C6,NUM NUM have/vbp driven/vbn
C6,NUM NUM on/in the/dt
C1,NUM NUM ./ 
C6,NUM NUM rates/nn mr./np
C6,NUM NUM rates/nn are/vbp
C6,NUM NUM rates/nn can/md
C3,NUM NUM outside/in the/dt
C6,NUM NUM / taxes/nn
C6,NUM NUM / taxes/nn
C5,NUM NUM ./ 
C6,NUM NUM every/dt quarter/nn
C6,NUM NUM rates/nn /
C6,NUM NUM rates/nn are/vbp
C6,NUM NUM rates/nn have/vbp
C6,NUM NUM rates/nn up/rb
C6,NUM NUM rates/nn of/in
C6,NUM NUM rates/nn --
C6,NUM NUM rates/nn ./
C6,NUM NUM rates/nn are/vbp
C5,NUM NUM for/in $
C1,NUM NUM in/in games/nn
C6,NUM NUM paid/vbn on/in
C6, NUM on/in the/dt
C6,NUM NUM from/in a/dt
C5,NUM NUM of/in its/pp
C6,NUM NUM payments/nn on/in
C5,NUM NUM ./ 
C5,NUM NUM in/in the/dt
C4,NUM NUM would/md be/vb
C1,NUM NUM ./ 
C6,NUM NUM rates/nn and/cc
C6,NUM NUM rates/nn ./
C6,NUM NUM rates/nn on/in
C6,NUM NUM than/in promised/vbn
C6,NUM NUM rate/nn /
C4,NUM NUM ./ 
C6,NUM NUM rates/nn below/rb
C2,NUM NUM outside/in washington/np
C1,NUM NUM as/in democrats/np
C6,NUM NUM payments/nn ./
C6,NUM NUM rate/nn ./
C6,NUM NUM rates/nn for/in
C4,NUM NUM of/in cbs/np
C6,NUM NUM expense/nn ./
C6,NUM NUM ./ 
C5,NUM NUM in/in the/dt
C1,NUM NUM in/in the/dt
C6,NUM NUM rate/nn on/in
C6,NUM NUM expenses/nn next/in
C6,NUM NUM rates/nn generally/rb
C6,NUM NUM rates/nn ./
C1,NUM NUM ./ 
C1,NUM NUM ./ 
C6,NUM NUM is/vbz exempt/jj
C6,NUM NUM rates/nn ./
C6,NUM NUM rates/nn will/md
C6,NUM NUM rates/nn rise/vbp
C6, NUM rates/nn do/vbp
C6, NUM rate/nn is/vbz
C6,NUM NUM for/in one/ab
C6,NUM NUM rates/nn /
C4,NUM NUM / in/in
C4,NUM NUM in/in a/dt
C6,NUM NUM rates/nn continue/vbp
C6,NUM NUM rates/nn that/wdt
C6,NUM NUM rates/nn that/in
C1,NUM NUM in/in the/dt
C1,NUM NUM in/in buying/vbg
C5,NUM NUM in/in cement/nn
C6,NUM NUM to/to the/dt
C6,NUM NUM rates/nn move/vbp
C6,NUM NUM rates/nn in/in
C5,NUM NUM up/rp for/in
C5,NUM NUM ranging/vbg from/in
C6,  during/in first/jj
C6,NUM NUM paid/vbn annually/rb
C5,NUM NUM in/in a/dt
C5,NUM NUM in/in the/dt
C5,NUM NUM ./ 
C4,NUM NUM ./ 
C6,NUM NUM rate/nn swaps/nn
C1,NUM NUM robert/np tomsho/np
C4,NUM NUM is/vbz not/rb
C3,NUM NUM ./ 
C1,NUM NUM in/in lighter/jjr
C6,NUM NUM payments/nn barely/rb
C6,NUM NUM rates/nn to/to
C6,NUM NUM on/in the/dt
C6,NUM NUM rates/nn are/vbp
C6,NUM NUM rates/nn much/rb
C6,NUM NUM rates/nn they/pp
C5,NUM NUM include/vbp insurance/nn
C6,NUM NUM expense/nn ./
C6,NUM NUM payments/nn ./
C1,NUM NUM in/in the/dt
C6,NUM NUM rates/nn in/in
C6,NUM NUM rates/nn /
C6,NUM NUM payment/nn on/in
C6,NUM NUM payment/nn on/in
C5,NUM NUM in/in britain/np
C6,NUM NUM rates/nn below/rb
C5,NUM NUM in/in its/pp
C5,NUM NUM ./ 
C5,NUM NUM in/in fashion/n
C1,NUM NUM in/in the/dt
C6,NUM NUM / at/in
C6,NUM NUM rates/nn /
C6,NUM NUM rate/nn down/rp
C6,NUM NUM this/dt year/nn
C6,NUM NUM rates/nn on/in
C6,NUM NUM / --
C6,NUM NUM rates/vbz as/rb
C6,NUM NUM rate/nn as/rb
C6,NUM NUM in/in paper/nn
C6,NUM NUM rate/nn to/to
C5,NUM NUM in/in defense/nn
C1,NUM NUM in/in precious/jj
C1,NUM NUM in/in precious/jj
C1, NUM has/vbz been/vbn
C5,NUM NUM and/cc declining/vbg
C5, NUM is/vbz the/dt
C6,NUM NUM on/in its/pp
C6,NUM NUM on/in mortgages/nn
C6,NUM NUM and/cc materials/nn
C5,NUM NUM of/in about/rb
C6,NUM NUM rates/nn when/wrb
C6,NUM NUM that/dt sum/nn
C6,NUM NUM on/in past/jj
C6,NUM NUM could/md be/vb
C6,NUM NUM the/dt contributions/nn
C6,NUM NUM buildup/nn on/in
C5,NUM NUM ./ 
C1,NUM NUM in/in buying/vbg
C6,NUM NUM payment/nn portion/n
C6,NUM NUM until/in maturity/nn
C4,NUM NUM ./ 
C4,NUM NUM lies/vbz in/in
C1,NUM NUM in/in monetary/jj
C1,NUM NUM in/in board/nn
C6,NUM NUM rates/nn ./
C6,NUM NUM rates/nn slip/vbp
C5,NUM NUM hold/vbp about/in
C4,NUM NUM outweighed/vbd the/dt
C4,NUM NUM of/in the/dt
C4,NUM NUM in/in scholarship/nn
C1,NUM NUM in/in the/dt
C4,NUM NUM of/in a/dt
C5,NUM NUM in/in hughes/np
C5,NUM NUM in/in eds/np
C6,NUM NUM to/to secured/vbn
C6,NUM NUM of/in about/in
C6,NUM NUM since/in then/rb
C6,NUM NUM equal/jj to/to
C6,NUM NUM accrued/vbn since/in
C1,NUM NUM in/in congress/np
C1,NUM NUM from/in u.s./np
C6,NUM NUM rates/nn to/to
C6,NUM NUM rates/nn at/in
C6,NUM NUM and/cc penalties/nn
C5, NUM in/in international/np
C5,NUM NUM in/in otc/np
C6,NUM NUM rates/nn /
C6,NUM NUM from/in the/dt
C6,NUM NUM for/in the/dt
C6,NUM NUM rates/nn /
C6,NUM NUM rates/nn since/in
C6,NUM NUM rates/nn were/vbd
C6,NUM NUM / has/vbz
C6,NUM NUM income/nn ./
C1,NUM NUM / since/in
C6,NUM NUM rates/nn below/in
C1,NUM NUM in/in looking/vbg
C6,NUM NUM income/nn ./
C6,NUM NUM and/cc principal/nn
C6,NUM NUM bill/nn from/in
C6,NUM NUM bill/nn /
C4,NUM NUM of/in individual/jj
C6,NUM NUM periodically/rb ./
C6,NUM NUM bonds/nn due/jj
C6,NUM NUM bonds/nn are/vbp
C6,NUM NUM bonds/nn are/vbp
C5,NUM NUM in/in national/np
C5,NUM NUM in/in aerospace/nn
C1,NUM NUM beyond/in the/dt
C5,NUM NUM / a/dt
C4,NUM NUM of/in the/dt
C6,NUM NUM expense/nn and/cc
C5,NUM NUM ./ 
C5,NUM NUM in/in the/dt
C5,NUM NUM in/in a.t.b./np
C6,NUM NUM rates/nn /
C1,NUM NUM / in/in
C6,NUM NUM on/in debt/nn
C6,NUM NUM on/in cash-deferred/jj
C6,NUM NUM earned/vbn on/in
C1,NUM NUM in/in cutting/vbg
C6,NUM NUM rate/nn rose/vbd
C5,NUM NUM in/in electronic/jj
C5,NUM NUM / and/cc
C5,NUM NUM / and/cc
C5,NUM NUM rose/vbd to/to
C6,NUM NUM rates/nn backfired/vbd
C1,NUM NUM in/in sears/np
C6,NUM NUM income/nn ./
C6,NUM NUM rates/nn below/rb
C4,NUM NUM / small/jj
C6,NUM NUM because/in of/in
C6,NUM NUM abatement/nn /
C6,NUM NUM on/in the/dt
C6,NUM NUM on/in it/pp
C4,NUM NUM and/cc are/vbp
C3,NUM NUM magazines/nn ./
C3,NUM NUM of/in readers/nn
C1,NUM NUM in/in the/dt
C5,NUM NUM in/in an/dt
C6,NUM NUM rate/nn /
C6,NUM NUM costs/nn while/in
C6,NUM NUM costs/nn would/md
C3,NUM NUM among/in black/jj
C4,NUM NUM of/in one/ab
C4,NUM NUM of/in all/pdt
C3,NUM NUM and/cc can/md
C5, NUM in/in nasdaq/np
C5,NUM NUM statistics/nn were/vbd
C5,NUM NUM figures/nn reported/vbn
C5,NUM NUM in/in nasdaq/np
C5,NUM NUM compares/vbz with/in
C5, NUM / which/wdt
C5,NUM NUM rose/vbd to/to
C5,NUM NUM gains/nn as/in
C5, NUM in/in first/np
C5,NUM NUM jumped/vbd 42/ab
C5,NUM NUM position/n on/in
C5,NUM NUM in/in some/dt
C5,NUM NUM surge/nn ./
C5, NUM in/in the/dt
C5,NUM NUM included/vbd adobe/np
C5,NUM NUM data/nns in/in
C5," NUM in/in 1,327/ab"
C5,NUM NUM represents/vbz 1.04/ab
C5,NUM NUM position/n of/in
C6,NUM NUM / while/in
C6,NUM NUM rates/nn tend/vbp
C1, NUM picks/vbz up/rp
C6,NUM NUM bonds/nn due/jj
C6,NUM NUM bonds/nn due/jj
C6, NUM serial/nn bonds/nn
C6,  rates/nn generally/rb
C6,NUM NUM rate/nn trends/nn
C6,NUM NUM costs/nn at/in
C6,NUM NUM rates/nn before/in
C6,NUM NUM expense/nn and/cc
C5,NUM NUM in/in stein/np
C6,NUM NUM rates/nn and/cc
C1,NUM NUM later/rb in/in
C1,NUM NUM / but/cc
C1,NUM NUM in/in british/jj
C1,NUM NUM because/in these/dt
C5,NUM NUM ./ 
C6,NUM NUM rates/nn and/cc
C5,NUM NUM might/md be/vb
C5,NUM NUM already/rb have/vbp
C6,NUM NUM bill/nn /
C6,NUM NUM to/to the/dt
C6,NUM NUM rates/nn amid/in
C6,NUM NUM rates/nn /
C1, NUM by/in japanese/jj
C6,NUM NUM rates/nn will/md
C1,NUM NUM in/in the/dt
C6,NUM NUM rates/nn ./
C6,NUM NUM cost/nn of/in
C6,NUM NUM and/cc principal/nn
C5, NUM increased/vbd 6/ab
C1,NUM NUM connected/vbn with/in
C1,NUM NUM in/in giving/vbg
C1,NUM NUM in/in acquiring/vbg
C1,NUM NUM in/in jaguar/np
C5,NUM NUM in/in an/dt
C5,NUM NUM last/jj year/nn
C6,NUM NUM rates/nn fall/vbp
C6,NUM NUM rates/nn will/md
C3,NUM NUM ./ 
C6,NUM NUM rates/nn came/vbd
C6,NUM NUM rates/nn in/in
C6,NUM NUM were/vbd /
C6,NUM NUM accrued/vbn to/to
C6,NUM NUM is/vbz accrued/vbn
C6,NUM NUM rates/nn ./
C6,NUM NUM rates/nn are/vbp
C6,NUM NUM rates/nn to/to
C6,NUM NUM rate/nn to/to
C5,NUM NUM of/in eagle/np
C6, NUM rates/nn paid/vbd
C6,NUM NUM expense/nn ./
C6,NUM NUM / taxes/nn
C1,NUM NUM in/in financing/vbg
C6,NUM NUM rates/nn /
C6,NUM NUM bonds/nn due/jj
C6,NUM NUM serial/nn bonds/nn
C6,  on/in the/dt
C6,NUM NUM payments/nn ./
C3,NUM NUM and/cc responsibility/nn
C5,NUM NUM / acquired/vbn
C5,NUM NUM it/pp has/vbz
C5,NUM NUM in/in ikegai-goss/np
C6,NUM NUM rates/nn in/in
C1,NUM NUM in/in the/dt
C4,NUM NUM of/in the/dt
C5,NUM NUM in/in the/dt
C6,NUM NUM at/in the/dt
C6,NUM NUM payments/nn /
C6,NUM NUM payments/nn on/in
C1,NUM NUM for/in its/pp
C6,NUM NUM rates/nn have/vbp
C6,NUM NUM rates/nn below/rb
C6,  income/nn rose/vbd
C6, NUM rates/nn on/in
C1,NUM NUM / more/jjr
C6,NUM NUM rates/nn in/in
C6,NUM NUM rates/nn /
C6,NUM NUM / tax/nn
C5,NUM NUM ./ 
C1,NUM NUM / national/jj
C6,NUM NUM expense/nn and/cc
C6,NUM NUM payments/nn ./
C6,NUM NUM payments/nn and/cc
C5,NUM NUM primarily/rb in/in
C5,NUM NUM ./ 
C1,NUM NUM in/in ag/np
C1,NUM NUM as/in it/pp
C1,NUM NUM in/in acquiring/vbg
C1,NUM NUM in/in swapping/vbg
C6,NUM NUM rates/nn below/rb
C6,NUM NUM accrued/vbn from/in
C5,NUM NUM in/in real/jj
C4,NUM NUM of/in my/pp
C6,NUM NUM bill/nn jumped/vbd
C5,NUM NUM in/in brewing/nn
C6,NUM NUM and/cc tax/nn
C6,NUM NUM rates/nn or/cc
C6,NUM NUM rates/nn will/md
C1,NUM NUM in/in buying/vbg
C1,NUM NUM in/in the/dt
C5,NUM NUM / with/in
C6,NUM NUM rates/nn and/cc
C6,NUM NUM rates/nn to/to
C6,NUM NUM rates/nn would/md
C6,NUM NUM income/nn ./
C6,NUM NUM rates/nn fall/vbp
C1,NUM NUM abroad/rb /
C6,NUM NUM rate/nn on/in
C5,NUM NUM in/in liquid-crystal/jj
C6,NUM NUM rates/nn drift/vb
C6,NUM NUM rates/nn and/cc
C5,NUM NUM in/in a/dt
C1,NUM NUM among/in outsiders/nn
C4,NUM NUM in/in nih/np
C6,NUM NUM rates/nn earlier/rbr
C6,NUM NUM rates/nn again/rb
C6,NUM NUM rates/nn and/cc
C1,NUM NUM ahead/rb of/in
C1,  may/md remain/vb
C6,NUM NUM rates/nn ./
C6,NUM NUM rates/nn to/to
C5,NUM NUM as/in a/dt
C5,NUM NUM in/in the/dt
C5,NUM NUM in/in the/dt
C5,NUM NUM ./ 
C3,NUM NUM / the/dt
C5,NUM NUM in/in manhattan/np
C1,NUM NUM from/in /
C4,NUM NUM ./ 
C4,NUM NUM of/in protecting/vbg
C1,NUM NUM / were/vbd
C1,NUM NUM ./ 
C1,NUM NUM in/in treasury/np
C1,NUM NUM for/in the/dt
C1,NUM NUM in/in other/jj
C5,NUM NUM in/in telecommunications/nn
C4,NUM NUM ./ 
C1,NUM NUM ./ 
C1,NUM NUM was/vbd sidelined/vbn
C1,NUM NUM / helped/vbd
C5,NUM NUM / /
C2,NUM NUM because/in both/dt
C5,NUM NUM are/vbp represented/vbn
C1,NUM NUM / from/in
C4,NUM NUM at/in stake/nn
C6,NUM NUM in/in more/jjr
C1,NUM NUM in/in horse/nn
C1,NUM NUM in/in u.s./np
C1, NUM in/in du/np
C6,NUM NUM / will/md
C3,NUM NUM magazine/nn is/vbz
C4,NUM NUM / could/md
C3,NUM NUM ./ 
C1,NUM NUM in/in ozone/nn
C1,NUM NUM remained/vbd strong/jj
C5,NUM NUM but/cc before/in
C1,NUM NUM may/md be/vb
C4,NUM NUM in/in somalia/np
C5,NUM NUM in/in the/dt
C4,NUM NUM ./ 
C4,NUM NUM for/in an/dt
C4,NUM NUM / /
C4,NUM NUM / set/vbn
C4,NUM NUM / to/to
C4,NUM NUM ./ 
C4,NUM NUM or/cc risk/nn
C4,NUM NUM / already/rb
C4,NUM NUM ./ 
C4,NUM NUM standard/nn for/in
C4,NUM NUM / /
C6,NUM NUM expense/nn /
C1,NUM NUM in/in cold/jj
C5,NUM NUM in/in television/n
C6,NUM NUM rates/nn and/cc
C6,NUM NUM payments/nn ./
C5,NUM NUM ./ 
C6,NUM NUM at/in maturity/nn
C6,NUM NUM rates/nn kick/vbp
C6,NUM NUM if/in the/dt
C6,NUM NUM and/cc civil/jj
C5,NUM NUM in/in a/dt
C5,NUM NUM in/in oil/nn
C6,NUM NUM rates/nn that/in
C6,NUM NUM rate/nn prevail/vb
C6,NUM NUM rates/nn stay/vbp
C6, NUM rates/nn plunge/vbp
C6,NUM NUM yield/nn /
C6,NUM NUM rate/nn ./
C1, NUM also/rb resurfaced/vbd
C6,NUM NUM rates/nn as/in
C6,NUM NUM rates/nn to/to
C6,NUM NUM rates/nn over/in
C1,NUM NUM is/vbz in/in
C1,NUM NUM in/in those/dt
C5, NUM on/in the/dt
C5,NUM NUM ./ 
C5,NUM NUM dropped/vbd to/to
C5,NUM NUM climbed/vbd 3/ab
C5,NUM NUM has/vbz been/vbn
C5, NUM is/vbz the/dt
C5,NUM NUM bullish/jj because/in
C5,NUM NUM of/in certain/jj
C5,NUM NUM ratio/nn slipped/vbd
C5, NUM in/in international/np
C5,NUM NUM slid/vbd to/to
C5,NUM NUM volume/nn leader/nn
C5,NUM NUM position/n of/in
C6,NUM NUM costs/nn of/in
C6,NUM NUM rates/nn pushed/vbd
C6,NUM NUM payments/nn from/in
C6,NUM NUM on/in a/dt
C6,NUM NUM rates/nn may/md
C6,NUM NUM rates/nn and/cc
C6,NUM NUM rate/nn to/to
C1,NUM NUM in/in the/dt
C5,NUM NUM in/in harley-davidson/np
C6,NUM NUM rates/nn almost/rb
C6,NUM NUM rates/nn force/vbp
C6,NUM NUM than/in newly/rb
C6, NUM rates/nn have/vbp
C6,NUM NUM costs/nn ./
C6,NUM NUM rates/nn will/md
C6,NUM NUM rate/nn and/cc
C6,NUM NUM rates/nn will/md
C6,NUM NUM ./ 
C5,NUM NUM in/in its/pp
C5,NUM NUM / along/in
C5,NUM NUM / shortly/rb
C4,NUM NUM / have/vbp
C5,NUM NUM in/in the/dt
C4,NUM NUM to/to accommodate/vb
C4,NUM NUM to/to let/vb
C5,NUM NUM in/in the/dt
C6,NUM NUM on/in asset-backed/jj
C5,NUM NUM only/rb in/in
C5,NUM NUM in/in or/cc
C5,NUM NUM in/in 139/ab
C5,NUM NUM hit/vbd hardest/rbs
C5,NUM NUM that/wdt include/vbp
C6,NUM NUM / increased/vbd
C4,NUM NUM / waiting/vbg
C5,NUM NUM in/in a/dt
C6,NUM NUM income/nn ./
C6,  will/md be/vb
C2,NUM NUM to/to the/dt
C3,NUM NUM area/nn ./
C1,NUM NUM in/in the/dt
C1,NUM NUM also/rb pushed/vbd
C5,NUM NUM in/in the/dt
C6,NUM NUM rates/nn ./
C4,NUM NUM ./ 
C5,NUM NUM in/in book/nn
C3,NUM NUM and/cc do/vb
C5,NUM NUM in/in the/dt
C6,NUM NUM income/nn ./
C6,NUM NUM income/nn occurred/vbd
C5,NUM NUM rose/vbd to/to
C5,NUM NUM ./ 
C1,NUM NUM in/in a/dt
C5,NUM NUM in/in grace/np
C6,NUM NUM expenses/nn ./
C5,NUM NUM in/in the/dt
C5,NUM NUM in/in western/np
C5,NUM NUM in/in western/np
C6,NUM NUM rates/nn remains/vbz
C1,NUM NUM switches/vbz back/rb
C1,NUM NUM for/in their/pp
C1,NUM NUM in/in those/dt
C6,NUM NUM rates/nn ./
C6,NUM NUM rates/nn /
C4,NUM NUM of/in stockholders/nn
C6,NUM NUM rates/nn ./
C6,NUM NUM margins/nn and/cc
C5,NUM NUM fell/vbd 4.2/ab
C1,NUM NUM later/rb in/in
C6,NUM NUM rates/nn will/md
C5,NUM NUM will/md be/vb
C5,NUM NUM was/vbd n't/rb
C5,NUM NUM in/in 36/ab
C5,NUM NUM of/in the/dt
C1,NUM NUM / from/in
C6,NUM NUM rates/nn below/in
C6,NUM NUM margins/nn ./
C6,NUM NUM expense/nn is/vbz
C6,NUM NUM expense/nn ./
C6,NUM NUM payment/nn to/to
C6,NUM NUM payments/nn owed/vbd
C5,NUM NUM in/in markets/nn
C5,NUM NUM / or/cc
C5,NUM NUM there/rb or/cc
C4,NUM NUM ./ 
C5,NUM NUM ./ 
C6,NUM NUM by/in proceeding/vbg
C6,NUM NUM margins/nn and/cc
C6,NUM NUM paid/vbn /
C6,NUM NUM margin/n /
C5,NUM NUM in/in transportation/n
C3,NUM NUM / capital/np
C4,NUM NUM / at/in
C6,NUM NUM rates/nn remained/vbd
C5,NUM NUM in/in the/dt
C6,NUM NUM rates/nn and/cc
C6,  rate-sensitive/jj shares/nn
C6,NUM NUM rates/nn to/to
C5,NUM NUM in/in south/np
C5,NUM NUM in/in its/pp
C5,NUM NUM in/in rocky/np
C6,NUM NUM rates/nn or/cc
C4,NUM NUM ./ 
C4,NUM NUM ./ 
C6,NUM NUM rates/nn ./
C6,NUM NUM rates/nn /
C6,NUM NUM / the/dt
C5,NUM NUM / did/vbd
C5,NUM NUM / in/in
C5,NUM NUM include/vbp the/dt
C6,NUM NUM rates/nn in/in
C4,NUM NUM of/in amr/np
C5,NUM NUM in/in solid/jj
C6,NUM NUM accruing/vbg instead/rb
C6,NUM NUM is/vbz deductible/jj
C6,NUM NUM payments/nn /
C6,NUM NUM payments/nn ./
C6,NUM NUM rate/nn /
C6,NUM NUM for/in at/in
C6,NUM NUM is/vbz actually/rb
C6,NUM NUM ./ 
C6,NUM NUM deduction/n was/vbd
C6,NUM NUM expense/nn also/rb
C6,NUM NUM expense/nn surged/vbd
C4,NUM NUM ./ 
C6,NUM NUM rates/nn /
C6,NUM NUM on/in the/dt
C5,NUM NUM in/in a/dt
C5,NUM NUM later/rb ./
C6,NUM NUM costs/nn ./
C4,NUM NUM of/in the/dt
C6, NUM rate/nn set/vbn
C6,  payments/nn on/in
C6,NUM NUM ./ 
C6,NUM NUM rates/nn are/vbp
C6,  rates/nn barely/rb
C3,NUM NUM / can/md
C4,NUM NUM are/vbp being/vbg
C5,NUM NUM in/in manufacturing/nn
C6,NUM NUM rates/nn below/rb
C1,NUM NUM in/in the/dt
C6,NUM NUM income/nn /
C6,NUM NUM expense/nn of/in
C6,  expense/nn in/in
C6,NUM NUM rate/nn savings/nn
C5,NUM NUM in/in working/np
C5,NUM NUM in/in working/np
C5,NUM NUM increased/vbd 16/ab
C5,NUM NUM but/cc before/in
C5,NUM NUM in/in the/dt
C5,NUM NUM / in/in
C5,NUM NUM / /
C6,NUM NUM rates/nn around/in
C6,NUM NUM rate/nn of/in
C6,NUM NUM payments/nn ./
C6,NUM NUM rates/nn are/vbp
C4,NUM NUM if/in he/pp
C6,NUM NUM rate-sensitive/jj stocks/nn
C1,NUM NUM after/in being/vbg
C3,NUM NUM ./ 
C6,NUM NUM rates/nn below/rb
C5,NUM NUM include/vbp /
C4,NUM NUM of/in mesa/np
C6,NUM NUM as/in current/jj
C1,NUM NUM in/in words/nn
C1,NUM NUM among/in many/jj
C5,NUM NUM in/in real/jj
C3,NUM NUM / in/in
C5,NUM NUM in/in radio/nn
C4,NUM NUM ./ 
C4,NUM NUM was/vbd a/dt
C6,NUM NUM rates/nn ./
C4,NUM NUM at/in the/dt
C5,NUM NUM in/in the/dt
C6,NUM NUM / tax/nn
C6,  will/md be/vb
C6,NUM NUM rates/nn /
C6,NUM NUM rate/nn to/to
C6,NUM NUM payments/nn from/in
C6,NUM NUM margin/n with/in
C6,NUM NUM income/nn rose/vbd
C5,NUM NUM in/in a/dt
C6,NUM NUM margin-the/n difference/nn
C6,NUM NUM rose/vbd 5.4/ab
C6,NUM NUM and/cc said/vbd
C6, NUM income/nn in/in
C4,NUM NUM of/in caci/np
C6,NUM NUM rates/nn and/cc
C4,NUM NUM in/in preserving/vbg
C1,NUM NUM in/in that/dt
C6,NUM NUM costs/nn of/in
C4,NUM NUM and/cc hence/rb
C6,NUM NUM rates/nn ./
C1,NUM NUM in/in the/dt
C6,NUM NUM rate/nn trends/nn
C6,NUM NUM rates/nn were/vbd
C6,NUM NUM rates/nn will/md
C5,NUM NUM in/in showtime/np
C6,NUM NUM rate/nn to/to
C5,NUM NUM in/in a/dt
C6,NUM NUM rate/nn fell/vbd
C1,NUM NUM ./ 
C6,NUM NUM payments/nn on/in
C6,NUM NUM at/in 5.5/ab
C1,NUM NUM of/in a/dt
C1,NUM NUM expressed/vbn by/in
C1,NUM NUM by/in the/dt
C1,NUM NUM ./ 
C1,NUM NUM in/in the/dt
C1,NUM NUM in/in old/jj
C1,NUM NUM in/in paintings/nn
C4,NUM NUM ./ 
C5,NUM NUM in/in datatimes/np
C6,NUM NUM rates/nn /
C5,NUM NUM in/in kia/np
C6,NUM NUM rates/nn down/rb
C6,NUM NUM rates/nn are/vbp
C6, NUM rates/nn on/in
C5,NUM NUM and/cc expand/vb
C5,NUM NUM in/in makro/np
C1,NUM NUM in/in smaller/jjr
C1,NUM NUM in/in small/jj
C6,NUM NUM and/cc dividends/nn
C6,NUM NUM rate/nn and/cc
C6,NUM NUM / but/cc
C6, NUM rates/nn /
C6,NUM NUM rates/nn to/to
C6,NUM NUM rates/nn ./
C6,NUM NUM over/in 10/ab
C6, NUM income/nn sank/vbd
C6, NUM rate/nn on/in
C6,NUM NUM payments/nn on/in
C6,NUM NUM income/nn would/md
C6,NUM NUM / net/jj
C6,NUM NUM income/nn in/in
C6,NUM NUM climbed/vbd 12/ab
C6,NUM NUM margin/n in/in
C6,NUM NUM income/nn /
C6,NUM NUM margin/n fell/vbd
C6,NUM NUM and/cc dividends/nn
C5,NUM NUM in/in national/np
C6,NUM NUM / down/rb
C6,NUM NUM rates/nn down/rb
C4,NUM NUM are/vbp much/rb
C4,NUM NUM of/in bankers/nn
C1,NUM NUM / the/dt
C5,NUM NUM of/in 14/ab
C6, NUM rates/nn fell/vbd
C1,NUM NUM ./ 
C6,NUM NUM income/nn ./
C5,NUM NUM in/in birkel/np
C6,NUM NUM rates/nn below/rb
C5,NUM NUM in/in the/dt
C6,NUM NUM rates/nn /
C5,NUM NUM in/in oil/nn
C5,NUM NUM in/in the/dt
C5, NUM are/vbp owned/vbn
C6,NUM NUM rate/nn on/in
C1,NUM NUM from/in banks/nn
C6,NUM NUM rate/nn to/to
C6,NUM NUM rate/nn to/to
C6,NUM NUM rates/nn /
C6,NUM NUM rates/nn /
C6,NUM NUM rates/nn and/cc
C6,NUM NUM rates/nn were/vbd
C6,NUM NUM rates/nn by/in
C6,NUM NUM rates/nn will/md
C5,NUM NUM in/in lockheed/np
C6,NUM NUM rates/nn /
C6,NUM NUM rates/nn rather/rb
C6,NUM NUM rate/nn stands/vbz
C6,NUM NUM rates/nn ./
C1,NUM NUM in/in the/dt
C6,NUM NUM rates/nn have/vbp
C6,NUM NUM rates/nn /
C6,NUM NUM rates/nn /
C6,NUM NUM rates/nn ./
C6,NUM NUM rates/nn merely/rb
C6,NUM NUM for/in certain/jj
C6,NUM NUM rates/nn /
C6,NUM NUM / but/cc
C6,NUM NUM rates/nn paid/vbn
C1,NUM NUM in/in the/dt
C6,NUM NUM income/nn from/in
C6, NUM rate/nn promised/vbd
C6,NUM NUM rates/nn in/in
C6,NUM NUM rates/nn and/cc
C6, NUM rates/nn usually/rb
C6,NUM NUM rates/nn would/md
C6,NUM NUM rates/nn /
C6,NUM NUM / rates/nn
C6,NUM NUM rates/nn ./
C4,NUM NUM of/in fair/jj
C5,NUM NUM in/in the/dt
C5,NUM NUM in/in his/pp
C6,NUM NUM rates/nn were/vbd
C5,NUM NUM in/in the/dt
C5,NUM NUM and/cc so/rb
C1,NUM NUM in/in a/dt
C5,NUM NUM in/in korean/jj
C6,NUM NUM rates/nn caused/vbn
C6,NUM NUM rates/nn to/to
C6,NUM NUM payments/nn on/in
C6,NUM NUM from/in loans/nn
C6,NUM NUM payments/nn ./
C6,NUM NUM rates/nn /
C6,NUM NUM rates/nn have/vbp
C6,NUM NUM rates/nn very/rb
C5,NUM NUM / and/cc
C6,NUM NUM rates/nn below/rb
C5,NUM NUM ./ 
C6,NUM NUM rates/nn and/cc
C6,NUM NUM rates/nn and/cc
C6,NUM NUM rates/nn in/in
C6,NUM NUM rate/nn known/vbn
C6,NUM NUM ./ 
C3,NUM NUM ./ 
C5,NUM NUM in/in military/jj
C6,NUM NUM rate/nn for/in
C6,NUM NUM rates/nn are/vbp
C6,NUM NUM rate/nn ./
C5,NUM NUM and/cc follows/vbz
C6,NUM NUM payments/nn ./
C6,NUM NUM payments/nn and/cc
C6,NUM NUM rate/nn outlook/nn
C6,NUM NUM payments/nn ./
C6,NUM NUM payments/nn covering/vbg
C6,NUM NUM payments/nn ./
C6,NUM NUM on/in a/dt
C6,NUM NUM and/cc the/dt
C6,NUM NUM ./ 
C6,NUM NUM rates/nn higher/jjr
C5,NUM NUM in/in companies/nn
C6,  income/nn and/cc
C6,NUM NUM / and/cc
C4,NUM NUM / said/vbd
C1,NUM NUM may/md revive/vb
C5,NUM NUM in/in a/dt
C1,NUM NUM in/in the/dt
C4,NUM NUM / but/cc
C4,NUM NUM ./ 
C6,NUM NUM rate/nn that/wdt
C6,NUM NUM rate/nn because/in
C6,NUM NUM rates/nn to/to
C4,NUM NUM of/in the/dt
C6,NUM NUM rates/nn ./
C6,NUM NUM rates/nn /
C6,NUM NUM rates/nn being/vbg
C6,NUM NUM rates/nn already/rb
C5,NUM NUM in/in honeywell/np
C6,NUM NUM rates/nn on/in
C1,NUM NUM in/in the/dt
C6,NUM NUM rates/nn to/to
C6,NUM NUM cost/nn ./
C6,NUM NUM rates/nn and/cc
C5,NUM NUM in/in sheller-globe/np
C1,NUM NUM in/in panama/np
C6,NUM NUM payments/nn --
C6,NUM NUM rates/nn /
C6,NUM NUM rates/nn ./
C6,NUM NUM rates/nn reminding/vbg
C5,NUM NUM and/cc /
C6,NUM NUM and/cc corporate/jj
C6,NUM NUM rates/nn for/in
C6,NUM NUM payments/nn on/in
C6,NUM NUM payments/nn ./
C4,NUM NUM of/in society/nn
C6,NUM NUM rates/nn ./
C6,NUM NUM rate/nn that/wdt
C6,NUM NUM rates/nn they/pp
C6,NUM NUM revenue/nn /
C6,NUM NUM margin/n from/in
C6,NUM NUM rates/nn /
C6,NUM NUM rate/nn of/in
C5,NUM NUM in/in oil/nn
C6,NUM NUM rates/nn and/cc
C5,NUM NUM in/in the/dt
C5,NUM NUM in/in landini/np
C6,NUM NUM rates/nn to/to
C6,NUM NUM is/vbz adjustable/jj
C6,NUM NUM ./ 
C6,NUM NUM payments/nn /
C6,NUM NUM and/cc dividends/nn
C6,NUM NUM could/md be/vb
C6,NUM NUM on/in the/dt
C6,NUM NUM payments/nn by/in
C5,NUM NUM would/md be/vb
C3,NUM NUM ./ 
C1,NUM NUM / in/in
C5,NUM NUM in/in electrical/jj
C6,NUM NUM rates/nn /
C6,NUM NUM rates/nn this/dt
C6,NUM NUM rate/nn on/in
C5,NUM NUM in/in consumer/nn
C6,NUM NUM rates/nn below/rb
C5,NUM NUM in/in making/vbg
C6,NUM NUM and/cc principal/jj
C6,NUM NUM rate/nn that/in
C5,NUM NUM in/in tank/nn
C5,NUM NUM in/in publishing/vbg
C5,NUM NUM in/in sprint/np
C6,NUM NUM margin/n --
C6, NUM income/nn rose/vbd
C6,NUM NUM payments/nn owed/vbn
C1,NUM NUM in/in protecting/vbg
C6, NUM rates/nn prompt/vbp
C6,NUM NUM rates/nn are/vbp
C1,NUM NUM in/in the/dt
C6,NUM NUM payments/nn /
C6,NUM NUM payments/nn oppose/vbp
C1,NUM NUM was/vbd never/rb
C6,NUM NUM on/in debt/nn
C6,NUM NUM in/in the/dt
C6,NUM NUM payments/nn now/rb
C1,NUM NUM in/in religion/n
C1,NUM NUM among/in major/jj
C1, NUM is/vbz intense/jj
C1,NUM NUM in/in low/jj
C1,NUM NUM ./ 
C6,NUM NUM rates/nn ./
C6,NUM NUM rates/nn in/in
C6,NUM NUM rates/nn generally/rb
C6,NUM NUM rates/nn remain/vbp
C5,NUM NUM ./ 
C1,NUM NUM ./ 
C4,NUM NUM to/to cooperate/vb
C6,NUM NUM rates/nn and/cc
C6,NUM NUM rate/nn stance/nn
C6,NUM NUM rates/nn to/to
C6,NUM NUM rates/nn before/in
C4,NUM NUM to/to have/vb
C6,NUM NUM -- /
C6,NUM NUM rates/nn on/in
C1,NUM NUM in/in protection/n
C6,NUM NUM income/nn /
C6,NUM NUM expenses/nn on/in
C6,NUM NUM expenses/nn allocated/vbn
C6,NUM NUM expenses/nn in/in
C6,NUM NUM expenses/nn and/cc
C6,NUM NUM rates/nn on/in
C5,NUM NUM / or/cc
C5,NUM NUM is/vbz equivalent/jj
C5,NUM NUM in/in december/np
C5,NUM NUM in/in copper/nn
C5,NUM NUM and/cc deliverable/jj
C5,NUM NUM situations/nn have/vbp
C5,NUM NUM will/md be/vb
C6,NUM NUM expenses/nn created/vbn
C6,NUM NUM expenses/nn in/in
C6,NUM NUM rates/nn below/rb
C5,NUM NUM in/in financial/jj
C1,NUM NUM in/in italian/jj
C1,NUM NUM / not/rb
C1,NUM NUM in/in it/pp
C6,NUM NUM payments/nn in/in
C1,NUM NUM on/in a/dt
C6,NUM NUM payments/nn in/in
C3,NUM NUM is/vbz free/jj
C5,NUM NUM and/cc &
C5,NUM NUM ./ 
C1,NUM NUM in/in mcorp/np
C5,NUM NUM in/in the/dt
C6,NUM NUM margins/nn ./
C6,NUM NUM income/nn /
C6,NUM NUM income/nn from/in
C6,NUM NUM rates/nn and/cc
C1,NUM NUM by/in bddp/np
C6,NUM NUM rates/nn anytime/rb
C6,NUM NUM in/in the/dt
C6,NUM NUM in/in the/dt
C6,NUM NUM rate/nn 8.00/ab
C6,NUM NUM rate-sensitive/jj larger-capitalization/jj
C6,NUM NUM rates/nn and/cc
C1,NUM NUM in/in some/dt
C1,NUM NUM in/in the/dt
C1,NUM NUM in/in jaguar/np
C6,NUM NUM rates/nn and/cc
C6,NUM NUM rates/nn ./
C6, NUM rates/nn on/in
C6,NUM NUM rates/nn /
C6,NUM NUM rate/nn outlook/nn
C6,NUM NUM rates/nn wo/md
C6, NUM rate/nn speculation/n
C6,NUM NUM rate/nn worries/nn
C1,NUM NUM in/in taking/vbg
C6,NUM NUM rates/nn below/in
C6,NUM NUM rates/nn in/in
C5,NUM NUM in/in dallas-based/jj
C5,NUM NUM in/in neiman/np
C5,NUM NUM in/in real/jj
C6,NUM NUM deductions/nn for/in
C5,NUM NUM was/vbd insufficient/jj
C5,NUM NUM in/in the/dt
C6,NUM NUM paid/vbn on/in
C6,NUM NUM paid/vbn in/in
C5,NUM NUM in/in the/dt
C5,NUM NUM / and/cc
C6,NUM NUM rates/nn would/md
C1,NUM NUM in/in a/dt
C1,NUM NUM publicly/rb ./
C1,NUM NUM in/in the/dt
C1,NUM NUM in/in ferranti/np
C1,NUM NUM in/in ferranti/np
C6,NUM NUM periodically/rb ./
C6,NUM NUM on/in which/wdt
C5,NUM NUM in/in a/dt
C6,NUM NUM payments/nn in/in
C5,NUM NUM in/in insurance/nn
C4,NUM NUM ./ 
C6, NUM income/nn --
C1,NUM NUM / lest/in
C1,NUM NUM / even/rb
C5,NUM NUM in/in north/np
C5,NUM NUM in/in making/vbg
C6,NUM NUM rates/nn to/to
C6,NUM NUM rates/nn may/md
C6,NUM NUM rates/nn ./
C6,NUM NUM rates/nn to/to
C6,NUM NUM rates/nn may/md
C6,NUM NUM rates/nn /
C6,NUM NUM rates/nn based/vbn
C6,NUM NUM rates/nn ./
C6,NUM NUM rates/nn ./
C5,NUM NUM / said/vbd
C6,NUM NUM rates/nn now/rb
C6,NUM NUM rates/nn in/in
C3,NUM NUM was/vbd to/to
C6,NUM NUM rates/nn or/cc
C5,NUM NUM in/in large/jj
C6,NUM NUM rates/nn /
C6,NUM NUM expense/nn by/in
C6,NUM NUM savings/nn ./
C4,NUM NUM of/in the/dt
C6,NUM NUM rates/nn /
C6,NUM NUM rates/nn ./
C6,NUM NUM rates/nn soon/rb
C6, NUM rate/nn fell/vbd
C5,NUM NUM of/in &
C5,NUM NUM including/vbg /
C6,NUM NUM rates/nn ./
C1,NUM NUM in/in acquiring/vbg
C5,NUM NUM / exxon/np
C6,NUM NUM rates/nn to/to
C6,NUM NUM rates/nn ./
C5,NUM NUM in/in five/ab
C4,NUM NUM at/in risk/nn
C5,NUM NUM / came/vbd
C4,NUM NUM / but/cc
C4,NUM NUM / either/rb
C5,NUM NUM / the/dt
C2,NUM NUM because/in of/in
C6,NUM NUM rates/nn continued/vbd
C6,NUM NUM but/cc are/vbp
C5,NUM NUM in/in 40/ab
C6,NUM NUM rates/nn by/in
C5,NUM NUM in/in jaguar/np
C5,NUM NUM in/in three/ab
C5,NUM NUM in/in those/dt
C6,NUM NUM payments/nn ./
C6,NUM NUM would/md accrue/vb
C6,NUM NUM rates/nn below/rb
C6,NUM NUM expenses/nn ./
C6,NUM NUM income/nn /
C6,NUM NUM income/nn ./
C6,NUM NUM income/nn /
C4,NUM NUM here/rb ./
C6,NUM NUM rates/nn last/jj
C6,NUM NUM rates/nn and/cc
C6,NUM NUM rates/nn /
C6,NUM NUM rates/nn ./
C1,NUM NUM in/in the/dt
C6,NUM NUM rates/nn in/in
C6,NUM NUM income/nn ./
C1,NUM NUM in/in foreign/jj
C6,NUM NUM rates/nn ./
C6,NUM NUM rates/nn have/vbp
C6,NUM NUM rates/nn to/to
C6,NUM NUM rates/nn were/vbd
C6,NUM NUM rates/nn high/jj
C6,NUM NUM payments/nn ./
C1,NUM NUM in/in blue/jj
C6,NUM NUM in/in the/dt
C4,NUM NUM is/vbz extremely/rb
C1,NUM NUM might/md broaden/vb
C1,NUM NUM of/in two/ab
C5,NUM NUM in/in the/dt
C1,NUM NUM as/in a/dt
C1,NUM NUM in/in the/dt
C6,NUM NUM rate/nn increases/nn
C6,NUM NUM rate/nn policy/nn
C6,NUM NUM rate/nn hike/nn
C6,NUM NUM rate/nn increases/nn
C1,NUM NUM from/in the/dt
C6,NUM NUM / is/vbz
C6,NUM NUM rate/nn /
C6, NUM rates/nn /
C6,NUM NUM expense/nn related/vbn
C6,NUM NUM ./ 
C4,NUM NUM could/md be/vb
C4,NUM NUM too/rb ./
C4,NUM NUM ./ 
C5,NUM NUM in/in telecommunications/nn
C6,NUM NUM running/vbg at/in
C4,NUM NUM / /
C6,NUM NUM rates/nn and/cc
C6,NUM NUM income/nn on/in
C6,NUM NUM margin/n between/in
C6,NUM NUM rates/nn relatively/rb
C6,NUM NUM rates/nn /
C6,NUM NUM rates/nn /
C6,NUM NUM obligations/nn for/in
C6,NUM NUM savings/nn in/in
C6,NUM NUM expense/nn ./
C6,NUM NUM payments/nn in/in
C3,NUM NUM of/in women/nns
C4,NUM NUM will/md be/vb
C5,NUM NUM in/in the/dt
C6,NUM NUM payment/nn on/in
C1,NUM NUM in/in a/dt
C1,NUM NUM / that/wdt
C1,NUM NUM in/in becoming/vbg
C4,NUM NUM of/in the/dt
C5,NUM NUM in/in u.s./np
C6,NUM NUM rates/nn ./
C4,NUM NUM / /
C5,NUM NUM in/in u.s./np
C6,NUM NUM rates/nn below/rb
C4,NUM NUM ./ 
C6,  at/in 1/ab
C6,  rates/nn generally/rb
C6, NUM rates/nn do/vbp
C1,NUM NUM in/in one/ab
C1,NUM NUM with/in a/dt
C1,NUM NUM in/in education/n
C6,NUM NUM rates/nn to/to
C6,NUM NUM rates/nn in/in
C6,NUM NUM rate/nn policy/nn
C6, NUM rates/nn reduce/vbp
C6,NUM NUM rates/nn last/jj
C6,NUM NUM rates/nn to/to
C6,NUM NUM rates/nn if/in
C1,NUM NUM in/in purchasing/vbg
C6,NUM NUM rates/nn --
C4,NUM NUM of/in its/pp
C6,NUM NUM rates/nn in/in
C6,NUM NUM rates/nn wo/md
C6,NUM NUM rate/nn on/in
C6,NUM NUM rates/nn will/md
C6,  rates/nn tumbled/vbd
C6, NUM rates/nn fell/vbd
C1,NUM NUM in/in its/pp
C6,NUM NUM rates/nn last/jj
C6,NUM NUM rates/nn leave/vbp
C1,NUM NUM ./ 
C1,NUM NUM in/in stocks/nn
C6,NUM NUM rates/nn /
C6,NUM NUM rates/nn helped/vbd
C6,NUM NUM rates/nn ./
C1,NUM NUM in/in buying/vbg
C6,NUM NUM rates/nn /
C6,NUM NUM and/cc dividends/nn
C6,NUM NUM of/in about/in
C1,NUM NUM ./ 
C6,NUM NUM rates/nn prompted/vbd
C1,NUM NUM in/in jaguar/np
C6,NUM NUM rates/nn /
C6,NUM NUM rate/nn medicine/nn
C5,NUM NUM in/in french/jj
C6,NUM NUM rates/nn ./
C6,NUM NUM rates/nn ./
C6,NUM NUM income/nn --
C6, NUM payments/nn are/vbp
C6, NUM rates/nn /
C6,NUM NUM rates/nn rise/vb
C6,NUM NUM until/in they/pp
C6, NUM rates/nn rising/vbg
C6,NUM NUM rates/nn ./
C6,NUM NUM rates/nn rise/vbp
C4,NUM NUM in/in case/nn
C6,NUM NUM rates/nn /
C1,NUM NUM in/in women/nns
C5, NUM / which/wdt
C6,NUM NUM rates/nn ./
C1,NUM NUM in/in acquiring/vbg
C5,NUM NUM in/in the/dt
C5,NUM NUM in/in parisian/np
C6,NUM NUM payments/nn in/in
C6,NUM NUM rate/nn of/in
C5,NUM NUM in/in a/dt
C5,NUM NUM in/in the/dt
C5,NUM NUM to/to 12.45/ab
C5,NUM NUM in/in the/dt
C1,NUM NUM in/in herbal/jj
C4,NUM NUM a/dt priority/nn
C6,NUM NUM rates/nn on/in
C6,NUM NUM rates/nn for/in
C6,NUM NUM payments/nn and/cc
C6,NUM NUM rates/nn soon/rb
C6,NUM NUM rates/nn up/in
C6,NUM NUM payments/nn to/to
C4,NUM NUM ./ 
C6,NUM NUM rates/nn to/to
C6,NUM NUM rates/nn ./
C6,  on/in bonds/nn
C5,NUM NUM in/in telemunchen/np
C4,NUM NUM of/in uniformity/nn
C6,NUM NUM rates/nn ./
C1,NUM NUM in/in eastern/np
C1,NUM NUM in/in the/dt
C6,NUM NUM payments/nn ./
C6,NUM NUM payments/nn or/cc
C1,NUM NUM in/in moving/vbg
C6,NUM NUM ./ 
C4,NUM NUM ./ 
C6,NUM NUM to/to the/dt
C6,NUM NUM bill/nn is/vbz
C6,NUM NUM on/in more/jjr
C6,NUM NUM on/in those/dt
C6,NUM NUM and/cc principal/jj
C1,NUM NUM at/in all/dt
C1,NUM NUM in/in amr/np
C6,NUM NUM rate/nn increases/nn
C1,  in/in takeover/nn
C1,NUM NUM / saying/vbg
C6,NUM NUM rates/nn ./
C6,NUM NUM rates/nn /
C6, NUM rates/nn /
C1,NUM NUM and/cc was/vbd
C6,NUM NUM rates/nn ./
C6,NUM NUM rate/nn hikes/nn
C5, NUM figures/nn released/vbn
C5, NUM is/vbz the/dt
C5,NUM NUM in/in geographic/np
C6,NUM NUM rates/nn below/rb
C6,NUM NUM rate/nn increases/nn
C6,NUM NUM rates/nn /
C6,NUM NUM rates/nn edge/vb
C6,NUM NUM rates/nn compared/vbn
C5,NUM NUM in/in cit/np
C6,NUM NUM costs/nn ./
C1,NUM NUM in/in stability/nn
C6,NUM NUM rate/nn worries/nn
C6,NUM NUM rates/nn ./
C6,NUM NUM rates/nn are/vbp
C6,NUM NUM rate/nn increase/nn
C1,NUM NUM after/in a/dt
C5,NUM NUM at/in 1.37/ab
C6,NUM NUM rates/nn and/cc
C5,NUM NUM and/cc before/in
C6,NUM NUM rates/nn by/in
C6,NUM NUM rates/nn to/to
C5,NUM NUM in/in the/dt
C5,NUM NUM in/in the/dt
C6,NUM NUM / depreciation/n
C6,NUM NUM / taxes/nn
C6,NUM NUM payments/nn on/in
C6,NUM NUM of/in $
C4,NUM NUM ./ 
C4,NUM NUM ./ 
C6,NUM NUM / taxes/nn
C4,NUM NUM of/in shareholders/nn
C4,NUM NUM ./ 
C6,NUM NUM payments/nn in/in
C6,NUM NUM rates/nn --
C6,NUM NUM rates/nn ./
C6,NUM NUM rates/nn /
C6,NUM NUM rates/nn so/in
C6,NUM NUM rates/nn will/md
C1,NUM NUM at/in stake/nn
C6, NUM rates/nn on/in
C6,NUM NUM required/vbn of/in
C6,NUM NUM in/in gold/nn
C6,NUM NUM rate/nn ./
C6,NUM NUM rate/nn on/in
C6,NUM NUM on/in the/dt
C6, NUM rate/nn would/md
C6,NUM NUM rate/nn would/md
C6,NUM NUM rates/nn to/to
C6,NUM NUM payment/nn /
C6,NUM NUM rate/nn /
C6,NUM NUM rates/nn are/vbp
C1,NUM NUM in/in the/dt
C4,NUM NUM in/in protecting/vbg
C6,NUM NUM rate/nn of/in
C6,NUM NUM rates/nn that/wdt
C3,NUM NUM ./ 
C6,NUM NUM rates/nn contributed/vbd
C6,NUM NUM periodically/rb ./
C6,NUM NUM bonds/nn due/jj
C6,  on/in the/dt
C6,NUM NUM shortfalls/nn in/in
C1,NUM NUM in/in knowing/vbg
C6,NUM NUM rates/nn might/md
C6,NUM NUM rate/nn increase/nn
C1, NUM yesterday/nn centered/vbd
C1,NUM NUM / which/wdt
C6,NUM NUM rates/nn would/md
C5,NUM NUM of/in the/dt
C6,NUM NUM income/nn ./
C6, NUM rates/nn also/rb
C6,NUM NUM until/in they/pp
C6,NUM NUM rates/nn ./
C6,NUM NUM rates/nn will/md
C6,NUM NUM rates/nn higher/rbr
C3,NUM NUM ./ 
C6,NUM NUM payments/nn are/vbp
C6,NUM NUM expense/nn on/in
C1,NUM NUM ./ 
C5,NUM NUM in/in the/dt
C1,NUM NUM at/in colleges/nn
C1,NUM NUM / /
C6,NUM NUM rates/nn ./
C6,NUM NUM rates/nn have/vbp
C6,NUM NUM rates/nn are/vbp
C6,NUM NUM rate/nn remains/vbz
C6,NUM NUM ./ 
C3,NUM NUM ./ 
C5,NUM NUM in/in pay-per-view/np
C3,NUM NUM and/cc goals/nn
C6,NUM NUM rates/nn /
C6,NUM NUM rates/nn and/cc
C1,NUM NUM among/in bottom-fishers/nns
C5,NUM NUM in/in the/dt
C4,NUM NUM ./ 
C5,NUM NUM in/in bell/np
C6,NUM NUM / together/rb
C6,NUM NUM payments/nn on/in
C6,NUM NUM rates/nn ./
C1,NUM NUM in/in keeping/vbg
C6,NUM NUM rates/nn to/to
C6,NUM NUM rates/nn ./
C1,NUM NUM among/in safety/nn
C6,NUM NUM rates/nn below/rb
C6,NUM NUM rates/nn and/cc
C6,NUM NUM rates/nn below/rb
C6,NUM NUM from/in nov./np
C1,NUM NUM in/in theology/nn
C1,NUM NUM / gleefully/rb
C6,NUM NUM rates/nn are/vbp
C6,NUM NUM rate/nn ./
C1,NUM NUM in/in bolar/np
C2,NUM NUM / /
C1,NUM NUM by/in americans/np
C1,NUM NUM in/in obtaining/vbg
C5,NUM NUM in/in /
C6,NUM NUM rates/nn /
C6,NUM NUM rates/nn fast/rb
C6,NUM NUM rates/nn at/in
C6, NUM rates/nn abroad/rb
C4,NUM NUM of/in mr./np
C6,NUM NUM earned/vbn on/in
C6,NUM NUM rates/nn from/in
C6,NUM NUM rates/nn because/in
C1,NUM NUM in/in the/dt
C1,NUM NUM in/in buying/vbg
C1,NUM NUM pumped/vbd up/rb
C6,NUM NUM rate/nn inched/vbd
C5,NUM NUM in/in a/dt
C5,NUM NUM for/in $
C5,NUM NUM in/in the/dt
C5,NUM NUM / and/cc
C5,NUM NUM and/cc a/dt
C5,NUM NUM in/in the/dt
C5,NUM NUM and/cc a/dt
C5,NUM NUM in/in the/dt
C1,NUM NUM in/in attaining/vbg
C5,NUM NUM ./ 
C5,NUM NUM / and/cc
C5,NUM NUM / /
C5,NUM NUM in/in las/np
C5,NUM NUM in/in partnerships/nn
C6,NUM NUM and/cc dividends/nn
C3,NUM NUM with/in exempt/jj
C5,NUM NUM in/in the/dt
C6,NUM NUM rate/nn increase/nn
C1,NUM NUM because/in of/in
C6,NUM NUM rates/nn are/vbp
C6,NUM NUM rates/nn and/cc
C1,NUM NUM ./ 
C1,NUM NUM is/vbz as/in
C6,NUM NUM charge/nn during/in
C3,NUM NUM ./ 
C6,NUM NUM rate/nn increase/nn
C3,NUM NUM ./ 
C5,NUM NUM in/in the/dt
C1,  in/in the/dt
C6,NUM NUM rates/nn may/md
C1,NUM NUM since/in we/pp
C6,NUM NUM rates/nn as/in
C6,NUM NUM rates/nn ./
C6,NUM NUM rates/nn /
C6, NUM rates/nn fell/vbd
C6,NUM NUM cost/nn for/in
C5,NUM NUM in/in oil/nn
C6,NUM NUM cost/nn resulting/vbg
C1,NUM NUM in/in specific/nn
C1,NUM NUM ./ 
C1,  in/in the/dt
C6,NUM NUM rates/nn in/in
C5,NUM NUM in/in five/ab
C6,NUM NUM payments/nn on/in
C6,NUM NUM from/in loans/nn
C6,NUM NUM payments/nn ./
C5,NUM NUM in/in the/dt
C1,NUM NUM in/in a/dt
C4,NUM NUM are/vbp headed/vbn
C5,NUM NUM of/in cie./np
C1,NUM NUM that/wdt has/vbz
C1,NUM NUM in/in its/pp
C5,NUM NUM in/in the/dt
C5,NUM NUM to/to the/dt
C6,NUM NUM / or/cc
C6,NUM NUM rates/nn have/vbp
C4,NUM NUM lies/vbz in/in
C5,NUM NUM and/cc is/vbz
C6, NUM rates/nn on/in
C6,NUM NUM payments/nn and/cc
C5,NUM NUM as/in general/jj
C5,NUM NUM to/to 10/ab
C1,NUM NUM in/in handicapped/jj
C6,NUM NUM rates/nn down/rp
C6,NUM NUM rates/nn to/to
C5,NUM NUM in/in several/jj
C5,NUM NUM in/in the/dt
C5,"NUM NUM in/in 2,100/ab"
C6,NUM NUM payments/nn due/jj
C5,NUM NUM could/md be/vb
C5,NUM NUM / rose/vbd
C5,NUM NUM and/cc extraordinary/jj
C6,NUM NUM accrued/vbn to/to
C6,NUM NUM rates/nn below/rb
C6,NUM NUM and/cc the/dt
C6,NUM NUM rates/nn will/md
C5,NUM NUM rose/vbd to/to
C6,NUM NUM plus/cc a/dt
C5,NUM NUM and/cc is/vbz
C6,NUM NUM rates/nn ./
C6,NUM NUM rates/nn this/dt
C6, NUM rates/nn abroad/rb
C6,NUM NUM rates/nn as/in
C6,NUM NUM rates/nn have/vbp
C6,NUM NUM payments/nn because/in
C1,NUM NUM in/in a/dt
C6,NUM NUM on/in the/dt
C5,NUM NUM of/in france/np
C6,NUM NUM rates/nn are/vbp
C6,NUM NUM rates/nn may/md
C1,NUM NUM in/in stock/nn
C6,  rates/nn moved/vbd
C6,NUM NUM rates/nn ./
C6,NUM NUM because/in he/pp
C6,NUM NUM payments/nn ./
C5,NUM NUM to/to call/vb
C1,NUM NUM in/in the/dt
C6,NUM NUM rate/nn increase/nn
C6,NUM NUM rate/nn increase/nn
C6,NUM NUM rates/nn that/wdt
C5,NUM NUM in/in the/dt
C5,NUM NUM in/in aluminum/nn
C5,NUM NUM in/in harley-davidson/np
C1,NUM NUM in/in them/pp
C4,NUM NUM of/in the/dt
C5,NUM NUM in/in software/nn
C6,NUM NUM payments/nn ./
C6,NUM NUM on/in its/pp
C5,NUM NUM in/in all/dt
C6,NUM NUM on/in the/dt
C6,NUM NUM deduction/n to/to
C5,NUM NUM in/in olivetti/np
C1,NUM NUM in/in its/pp
C6,NUM NUM obligations/nn resulting/vbg
C6,NUM NUM income/nn earned/vbn
C6,NUM NUM and/cc to/to
C6,NUM NUM and/cc taxes/nn
C4,NUM NUM of/in our/pp
C5,NUM NUM in/in grafil/np
C6,NUM NUM ./ 
C5,NUM NUM in/in calabasas/np
C6,NUM NUM rates/nn will/md
C6,NUM NUM rates/nn above/in
C2,NUM NUM potential/jj foreign/jj
C1,NUM NUM is/vbz only/rb
C6,NUM NUM rates/nn ./
C6,NUM NUM rate/nn on/in
C5,NUM NUM / said/vbd
C6,NUM NUM rates/nn to/to
C6,NUM NUM rates/nn from/in
C6,NUM NUM / coverage/nn
C6,NUM NUM rate/nn policy/nn
C6,NUM NUM rates/nn at/in
C6,NUM NUM rate/nn of/in
C6,NUM NUM expense/nn /
C6,NUM NUM rates/nn and/cc
C6, NUM rates/nn declined/vbd
C6,NUM NUM rates/nn this/dt
C1,NUM NUM in/in u.s./np
C1,NUM NUM in/in acquiring/vbg
C4,NUM NUM of/in health/nn
C1,NUM NUM in/in funds/nn
C5,NUM NUM ./ 
C6, NUM rates/nn fell/vbd
C6,NUM NUM margin/n --
C5,NUM NUM in/in defense/nn
C6,NUM NUM rates/nn below/in
C5,NUM NUM in/in the/dt
C6,NUM NUM rates/nn ./
C1,NUM NUM in/in reforming/vbg
C6,NUM NUM rates/nn ./
C6,NUM NUM rates/nn for/in
C6,NUM NUM rates/nn once/in
C6,NUM NUM rates/nn high/jj
C6,NUM NUM rates/nn /
C6,NUM NUM rate/nn futures/nn
C6,NUM NUM rates/nn /
C6, NUM rates/nn hurt/vbp
C6,NUM NUM payments/nn ./
C6,NUM NUM rates/nn just/rb
C6,NUM NUM rates/nn would/md
C6,NUM NUM rates/nn rise/vbp
C6,NUM NUM rate/nn on/in
C6,NUM NUM rates/nn /
C1,NUM NUM by/in western/jj
C4,NUM NUM and/cc has/vbz
C4,NUM NUM of/in the/dt
C5,NUM NUM in/in abs/np
C5,NUM NUM in/in abs/np
C4,NUM NUM i/pp have/vbp
C5,NUM NUM in/in the/dt
C1,NUM NUM in/in the/dt
C5,NUM NUM in/in mgmnp
C3,NUM NUM ./ 
C3,NUM NUM / including/vbg
C6,NUM NUM rates/nn will/md
C6,NUM NUM rates/nn to/to
C6,NUM NUM rates/nn ./
C6,NUM NUM rates/nn are/vbp
C6,NUM NUM rates/nn significantly/rb
C6,NUM NUM payments/nn on/in
C1,NUM NUM by/in the/dt
C1,NUM NUM would/md n't/rb
C6,  rates/nn climbed/vbd
C6,NUM NUM rates/nn /
C6,NUM NUM rates/nn ./
C4,NUM NUM was/vbd served/vbn
C4,NUM NUM in/in cutting/vbg
C1,NUM NUM ./ 
C6,NUM NUM reduction/n options/nn
C6,NUM NUM / on/in
C6,NUM NUM on/in all/dt
C5,NUM NUM / or/cc
C5,NUM NUM totaled/vbd #
C6,NUM NUM rates/nn and/cc
C1,NUM NUM in/in the/dt
C6,NUM NUM margins/nn --
C6,NUM NUM margin/n narrowed/vbd
C1,NUM NUM in/in marketing/vbg
C1,NUM NUM in/in such/jj
C1,NUM NUM of/in financial/jj
C1,NUM NUM in/in the/dt
C1,NUM NUM in/in the/dt
C1,NUM NUM from/in overseas/jj
C5,NUM NUM in/in 105/ab
C5,NUM NUM in/in brewing/nn
C4,NUM NUM ./ 
C5,NUM NUM in/in its/pp
C6,NUM NUM costs/nn significantly/rb
C1,NUM NUM in/in politics/nn
C5,NUM NUM in/in enron/np
C1,NUM NUM / the/dt
C6,NUM NUM to/to the/dt
C5,NUM NUM in/in fashion/n
C3,NUM NUM in/in angiotensin/n
C6,NUM NUM will/md be/vb
C6,NUM NUM bonds/nn due/jj
C6,NUM NUM bonds/nn tentatively/rb
C6,NUM NUM rates/nn below/rb
C4,NUM NUM / /
C1,NUM NUM in/in an/dt
C6,NUM NUM rates/nn fall/vbp
C6,NUM NUM rates/nn soared/vbd
C6,NUM NUM rate/nn that/wdt
C6,NUM NUM payments/nn and/cc
C6,NUM NUM payments/nn were/vbd
C6,NUM NUM payments/nn /
C6,NUM NUM rates/nn /
C6,NUM NUM from/in the/dt
C6,NUM NUM rates/nn slip/vb
C5,NUM NUM ca/md n't/rb
C6,NUM NUM rates/nn and/cc
C6,NUM NUM rates/nn will/md
C4,NUM NUM / /
C5,NUM NUM rose/vbd to/to
C5,NUM NUM contributed/vbd to/to
C5,NUM NUM in/in copper/nn
C5,NUM NUM declined/vbd by/in
C6,NUM NUM rates/nn and/cc
C6,NUM NUM income/nn associated/vbn
C4,NUM NUM to/to protect/vb
C6,NUM NUM rates/nn ./
C6,NUM NUM on/in bank/nn
C6,NUM NUM rates/nn /
C6,NUM NUM bill/nn by/in
C6,NUM NUM / are/vbp
C3,NUM NUM ./ 
C6,NUM NUM by/in making/vbg
C6,NUM NUM on/in the/dt
C6, NUM they/pp pay/vbp
C6,NUM NUM rate/nn than/in
C1,NUM NUM in/in holding/vbg
C1,NUM NUM in/in the/dt
C4,NUM NUM ./ 
C6,NUM NUM income/nn and/cc
C2,NUM NUM / especially/rb
C5,NUM NUM and/cc blackstone/np
C5,NUM NUM ./ 
C5,NUM NUM are/vbp divided/vbn
C1,NUM NUM in/in acquiring/vbg
C1,NUM NUM / /
C1,NUM NUM by/in such/jj
C6,NUM NUM income/nn /
C6,NUM NUM rates/nn to/to
C6,NUM NUM rates/nn below/in
C6,NUM NUM rates/nn on/in
C6,NUM NUM rates/nn in/in
C1,NUM NUM in/in the/dt
C5,NUM NUM in/in laboratory/nn
C5,NUM NUM in/in a/dt
C6,NUM NUM of/in 10.5/ab
C4,NUM NUM in/in the/dt
C3,NUM NUM ./ 
C3,NUM NUM in/in portugal/np
C6,NUM NUM bonds/nn due/jj
C6,NUM NUM rates/nn /
C5,NUM NUM in/in manufacturing/nn
C5,NUM NUM / more/rbr
C6,NUM NUM rates/nn higher/rbr
C5,NUM NUM / or/cc
C6,NUM NUM rates/nn /
C6,NUM NUM expenses/nn /
C5,NUM NUM tumbled/vbd by/in
C4,NUM NUM / is/vbz
C4,NUM NUM / of/in
C5,NUM NUM in/in a.l./np
C5,NUM NUM in/in columbia/np
C5,NUM NUM in/in columbia/np
C3,NUM NUM / probably/rb
C6,NUM NUM rates/nn below/rb
C4,NUM NUM or/cc in/in
C4,NUM NUM to/to protect/vb
C1,NUM NUM in/in the/dt
C1,NUM NUM in/in exploration/n
C1,NUM NUM among/in thrifts/nns
C6,NUM NUM rates/nn and/cc
C6,NUM NUM rate/nn increase/nn
C6,NUM NUM rates/nn ./
C6,NUM NUM rates/nn has/vbz
C6,NUM NUM rates/nn and/cc
C5,NUM NUM owned/vbn by/in
C2,NUM NUM to/to the/dt
C1,NUM NUM in/in buying/vbg
C6,NUM NUM rates/nn at/in
C1,NUM NUM in/in the/dt
C6,NUM NUM payments/nn or/cc
C3,NUM NUM is/vbz to/to
C5,NUM NUM in/in laboratory/nn
C6,NUM NUM rates/nn /
C6,NUM NUM during/in the/dt
C6,NUM NUM ./ 
C6,NUM NUM on/in the/dt
C4,NUM NUM of/in the/dt
C4,NUM NUM of/in the/dt
C5,NUM NUM fell/vbd to/to
C5,NUM NUM in/in ralphs/np
C6,NUM NUM at/in 9.875/ab
C4,NUM NUM of/in their/pp
C4,NUM NUM / selling/vbg
C4,NUM NUM regarding/vbg marine/np
C6,NUM NUM rate/nn rose/vbd
C6,NUM NUM paid/vbn on/in
C6,NUM NUM and/cc dividend/nn
C6,NUM NUM is/vbz finally/rb
C6,NUM NUM / will/md
C4,NUM NUM ./ 
C4,NUM NUM / by/in
C5,NUM NUM ./ 
C6,NUM NUM rates/nn /
C6,NUM NUM rates/nn until/in
C6,NUM NUM rates/nn in/in
C6,NUM NUM rates/nn in/in
C6,NUM NUM payment/nn to/to
C6,NUM NUM rates/nn below/rb
C3,NUM NUM ./ 
C3,NUM NUM ./ 
C4,NUM NUM / among/in
C1, NUM is/vbz rising/vbg
C1,NUM NUM in/in single-country/jj
C5,NUM NUM and/cc placing/vbg
C6,NUM NUM rates/nn than/in
C1,NUM NUM from/in advertisers/nn
C6,NUM NUM rates/nn further/rb
C6,NUM NUM term/nn bonds/nn
C6,NUM NUM rates/nn as/in
C1,NUM NUM from/in a/dt
C6,NUM NUM rate/nn increases/nn
C6,NUM NUM rates/nn ./
C6,NUM NUM rates/nn are/vbp
C6,NUM NUM margins/nn ./
C6,NUM NUM rates/nn /
C4,NUM NUM to/to reach/vb
C3,NUM NUM driving/vbg mr./np
C5,NUM NUM in/in three/ab
C5,NUM NUM / including/vbg
C5, NUM rose/vbd 2.7/ab
C6,NUM NUM rates/nn will/md
C5,NUM NUM in/in lead-zinc/jj
C5,NUM NUM in/in the/dt
C5,NUM NUM that/in franklin/np
C5,NUM NUM in/in its/pp
C1,NUM NUM ./ 
C5,NUM NUM in/in its/pp
C5,NUM NUM ./ 
C4,NUM NUM should/md be/vb
C5,NUM NUM in/in broadcasting/nn
C6,NUM NUM rates/nn ./
C6,NUM NUM rates/nn usually/rb
C6,NUM NUM rates/nn /
C6,NUM NUM payment/nn date/nn
C1,NUM NUM in/in selling/vbg
C5,NUM NUM to/to existing/vbg
C5,NUM NUM in/in kaneb/np
C5, NUM in/in both/dt
C5,NUM NUM posted/vbd last/jj
C5,NUM NUM rose/vbd only/rb
C5,NUM NUM in/in the/dt
C5,NUM NUM on/in the/dt
C5,NUM NUM in/in acclaim/np
C5, NUM in/in first/np
C5,NUM NUM jump/nn 77/ab
C5, NUM in/in novell/np
C5, NUM is/vbz the/dt
C5,NUM NUM indicates/vbz speculation/n
C5,NUM NUM as/in healthy/jj
C5,NUM NUM data/nns in/in
C5,"NUM NUM in/in 2,391/ab"
C5,NUM NUM totaled/vbd nearly/rb
C5,NUM NUM position/n of/in
C1,NUM NUM in/in buying/vbg
C4,NUM NUM with/in its/pp
C1,NUM NUM in/in acquiring/vbg
C6, NUM rates/nn a/dt
C6,NUM NUM rate/nn on/in
C6,NUM NUM rates/nn in/in
C6,NUM NUM rates/nn climbed/vbd
C4,NUM NUM face/vbp an/dt
C6,NUM NUM rates/nn ./
C6,NUM NUM rates/nn from/in
C6,NUM NUM rates/nn fall/vbp
C6,NUM NUM than/in they/pp
C6,NUM NUM rates/nn are/vbp
C5,NUM NUM in/in block/np
C6,NUM NUM rates/nn will/md
C6,NUM NUM rates/nn 10/ab
C6,NUM NUM rates/nn will/md
C6,NUM NUM rates/nn again/rb
C6,NUM NUM rates/nn could/md
C6,NUM NUM rates/nn ./
C6, NUM rates/nn on/in
C6,NUM NUM payments/nn ./
C6,NUM NUM on/in the/dt
C5,NUM NUM with/in bellsouth/np
C1,NUM NUM was/vbd understandable/jj
C6,NUM NUM rates/nn below/in
C5,NUM NUM in/in many/jj
C6,NUM NUM rate/nn but/cc
C6,NUM NUM will/md be/vb
C6,NUM NUM in/in the/dt
C6,NUM NUM rates/nn to/to
C6,NUM NUM rates/nn ./
C6,NUM NUM rates/nn seem/vbp
C6,NUM NUM payments/nn /
C6,NUM NUM payments/nn to/to
C6,NUM NUM / according/vbg
C6,NUM NUM payments/nn ./
C3,NUM NUM magazines/nn ./
C1,NUM NUM in/in europe/np
C4,NUM NUM in/in china/np
C4,NUM NUM was/vbd never/rb
C5,NUM NUM in/in about/in
C6,NUM NUM rate/nn futures/nn
C1,NUM NUM in/in buying/vbg
C5,NUM NUM ./ 
C6,NUM NUM rates/nn and/cc
C6,NUM NUM rates/nn /
C1,NUM NUM following/vbg friday/np
C1,NUM NUM in/in fresh/jj
C1,NUM NUM from/in foreign/jj
C6,NUM NUM rate/nn speculation/n
C6,NUM NUM rate/nn concerns/nn
C6,NUM NUM rates/nn in/in
C5,NUM NUM ./ 
C5,NUM NUM / jumped/vbd
C5,NUM NUM in/in united/np
C1,NUM NUM is/vbz building/vbg
C4,NUM NUM has/vbz been/vbn
C6,NUM NUM rates/nn ./
C6,NUM NUM rates/nn are/vbp
C6,NUM NUM rates/nn clearly/rb
C6,NUM NUM rates/nn and/cc
C5,NUM NUM in/in the/dt
C5,NUM NUM ./ 
C1,NUM NUM among/in precious/jj
C5,NUM NUM it/pp bought/vbd
C5,NUM NUM in/in financial/jj
C6,NUM NUM rates/nn and/cc
C1,NUM NUM ./ 
C1,NUM NUM in/in the/dt
C1,NUM NUM for/in the/dt
C1,NUM NUM in/in lomas/np
C6,NUM NUM rates/nn sometime/rb
C1,NUM NUM in/in buying/vbg
C1,NUM NUM that/in other/jj
C5,NUM NUM -- /
C3,NUM NUM for/in dr./np
C3,NUM NUM / an/dt
C6,NUM NUM rates/nn below/rb
C6,NUM NUM payments/nn /
C6,NUM NUM payments/nn on/in
C4,NUM NUM and/cc the/dt
C5,NUM NUM ./ 
C6,NUM NUM rates/nn a/dt
C6,NUM NUM rates/nn and/cc
C6,NUM NUM rate/nn on/in
C1,NUM NUM in/in jaguar/np
C4,NUM NUM to/to stop/vb
C6,NUM NUM rate/nn on/in
C4,NUM NUM ./ 
C6,NUM NUM payments/nn if/in
C4,NUM NUM in/in congress/np
C4,NUM NUM receive/vbp a/dt
C5,NUM NUM in/in the/dt
C6,NUM NUM rate/nn or/cc
C6,NUM NUM rates/nn it/pp
C6,NUM NUM rates/nn remain/vbp
C6,NUM NUM ./ 
C5,NUM NUM in/in cooker/np
C1,NUM NUM from/in the/dt
C1,NUM NUM from/in the/dt
C5,NUM NUM in/in sybase/np
C5,NUM NUM in/in another/dt
C6,NUM NUM payments/nn do/vbp
C6,NUM NUM rates/nn this/dt
C6,NUM NUM rates/nn /
C4,NUM NUM / the/dt
C6,NUM NUM and/cc divestiture/nn
C6,NUM NUM rates/nn ./
C5,NUM NUM in/in the/dt
C6,NUM NUM to/to the/dt
C6,NUM NUM rates/nn will/md
C6,NUM NUM rates/nn this/dt
C6,NUM NUM rates/nn are/vbp
C6,NUM NUM rates/nn over/in
C6,NUM NUM rates/nn is/vbz
C6,NUM NUM rates/nn ./
C6,NUM NUM rates/nn have/vbp
C6,NUM NUM rates/nn will/md
C1,NUM NUM shown/vbn ./
C4,NUM NUM ./ 
C6,NUM NUM due/jj sept./np
C5,NUM NUM / which/wdt
C5,NUM NUM and/cc implement/vb
C1,NUM NUM in/in helping/vbg
C6,NUM NUM rates/nn ./
C6,NUM NUM rates/nn ./
C6,NUM NUM rates/nn to/to
C6,NUM NUM rate/nn changes/nn
C3,NUM NUM ./ 
C5,NUM NUM / via/in
C5,NUM NUM / via/in
C5,NUM NUM in/in united/np
C6,NUM NUM last/jj month/nn
C5,NUM NUM in/in mitsubishi/np
C6,NUM NUM on/in the/dt
C5,NUM NUM in/in korea/np
C5,NUM NUM he/pp acquired/vbd
C1, NUM in/in summit/np
C6,NUM NUM rates/nn on/in
C1, NUM was/vbd mainly/rb
C6,NUM NUM rates/nn /
C6,NUM NUM rates/nn high/jj
C4,NUM NUM and/cc concentrating/vbg
C4,NUM NUM -- /
C6,NUM NUM rates/nn /
C6,NUM NUM rates/nn this/dt
C6,NUM NUM rates/nn are/vbp
C5,NUM NUM in/in a/dt
C1,NUM NUM in/in international/jj
C4,NUM NUM ./ 
C5,NUM NUM rose/vbd 15/ab
C6,NUM NUM rates/nn fall/vb
C6,NUM NUM rates/nn to/to
C5,NUM NUM nearly/rb tripled/vbd
C6,NUM NUM rate/nn /
C6,  rates/nn can/md
C6,NUM NUM and/cc never/rb
C5,NUM NUM in/in engineering/nn
C4,NUM NUM to/to have/vb
C5,NUM NUM in/in coating/nn
C1,NUM NUM ./ 
C1,NUM NUM in/in bonds/nn
C4,NUM NUM of/in shareholders/nn
C6,NUM NUM rates/nn during/in
C5,NUM NUM in/in process/nn
C5,NUM NUM including/vbg communications/nn
C1,NUM NUM / /
C4,NUM NUM / may/md
C5, NUM for/in the/dt
C5,NUM NUM slipped/vbd to/to
C5,"NUM NUM reached/vbd 51,887,168/ab"
C5, NUM is/vbz the/dt
C5,NUM NUM bullish/jj because/in
C5,NUM NUM of/in certain/jj
C5,NUM NUM ratio/nn rose/vbd
C5,NUM NUM position/n ./
C5,NUM NUM volume/nn was/vbd
C5,NUM NUM position/n of/in
C1,NUM NUM in/in me/pp
C5,NUM NUM rose/vbd 15/ab
C6,NUM NUM rates/nn and/cc
C6,NUM NUM / taxes/nn
C6,NUM NUM expenses/nn were/vbd
C6,NUM NUM rate/nn ./
C6,NUM NUM rates/nn as/in
C3,NUM NUM are/vbp n't/rb
C5,NUM NUM / preferred/vbn
C4,NUM NUM to/to remain/vb
C1,NUM NUM in/in jaguar/np
C1,NUM NUM in/in the/dt
C6,NUM NUM rates/nn --
C6,NUM NUM rates/nn at/in
C6,NUM NUM rates/nn remained/vbd
C6,NUM NUM rates/nn /
C1,NUM NUM earlier/rbr this/dt
C5,NUM NUM -- /
C1,NUM NUM in/in doing/vbg
C4,NUM NUM / with/in
C4,NUM NUM should/md arise/vb
C4,NUM NUM of/in preserving/vbg
C6,NUM NUM on/in money/nn
C6,NUM NUM rates/nn unchanged/jj
C6,NUM NUM rates/nn before/in
C5,NUM NUM with/in bellsouth/np
C6,NUM NUM rates/nn unchanged/jj
C6,NUM NUM rates/nn higher/jjr
C1,NUM NUM indicated/vbn /
C6,NUM NUM credited/vbn by/in
C3,NUM NUM ./ 
C5,NUM NUM in/in electrical/jj
C4,NUM NUM of/in &
C6,NUM NUM rates/nn below/in
C6,NUM NUM payments/nn on/in
C6,NUM NUM rates/nn are/vbp
C6,NUM NUM rates/nn /
C6,NUM NUM expense/nn /
C5,NUM NUM fell/vbd 1.3/ab
C5,NUM NUM in/in chemicals/nn
C5,NUM NUM ./ 
C3,NUM NUM ./ 
C4,NUM NUM of/in common/jj
C6,NUM NUM rates/nn ./
C5,NUM NUM in/in new/np
C5,NUM NUM in/in restaurants/nn
C5,NUM NUM in/in steel/nn
C1,NUM NUM because/in there/ex
C1,NUM NUM in/in this/dt
C4,NUM NUM in/in getting/vbg
C4,NUM NUM in/in seeing/vbg
C6,NUM NUM rates/nn threaten/vbp
C5,NUM NUM in/in electronics/nn
C5,NUM NUM to/to olympia/np
C6,NUM NUM rates/nn ./
C6,NUM NUM rate/nn on/in
C6,NUM NUM rates/nn /
C1,NUM NUM in/in jaguar/np
C5,NUM NUM in/in quantum/np
C5,NUM NUM in/in prescription/n
C4,NUM NUM or/cc favoritism/nn
C2,NUM NUM from/in home/nn
C6,NUM NUM rates/nn soaring/vbg
C6,NUM NUM rates/nn ./
C5,NUM NUM in/in the/dt
C6,NUM NUM deductions/nn for/in
C6,NUM NUM costs/nn ./
C6,NUM NUM ./ 
C5,NUM NUM will/md result/vb
C6,NUM NUM rates/nn today/nn
C6,NUM NUM rate/nn increase/nn
C4,NUM NUM ./ 
C6,NUM NUM rates/nn that/wdt
C6,NUM NUM and/cc taxes/nn
C6,NUM NUM payments/nn unless/in
C6,NUM NUM and/cc taxes/nn
C6,  rates/nn often/rb
C5,NUM NUM to/to paramount/np
C5,NUM NUM in/in continental/np
C1,NUM NUM in/in buying/vbg
C5,NUM NUM to/to scare/vb
C5,NUM NUM in/in such/jj
C6,NUM NUM payments/nn ./
C6,NUM NUM payments/nn /
C6,NUM NUM / would/md
C6,NUM NUM rates/nn discouraged/vbd
C1,NUM NUM / traders/nn
C6,NUM NUM rates/nn /
C1,NUM NUM because/in of/in
C1,NUM NUM ./ 
C1,NUM NUM in/in the/dt
C6,NUM NUM rate/nn increase/nn
C6,NUM NUM rates/nn /
C1,NUM NUM in/in the/dt
C1,NUM NUM was/vbd coming/vbg
C1,NUM NUM in/in the/dt
C6,NUM NUM rates/nn ./
C6,NUM NUM rates/nn down/rp
C6,NUM NUM rates/nn would/md
C3,NUM NUM is/vbz the/dt
C1,NUM NUM in/in the/dt
C6,NUM NUM payments/nn on/in
C6,NUM NUM rate/nn ./
C6,NUM NUM and/cc dividends/nn
C5,NUM NUM in/in the/dt
C6,NUM NUM rates/nn by/in
C6, NUM rates/nn also/rb
C6,NUM NUM rates/nn at/in
C6,NUM NUM to/to oct./np
C5,NUM NUM in/in aerospace/nn
C5,NUM NUM in/in plaza/np
C6,NUM NUM rates/nn below/in
C3,NUM NUM magazines/nn /
C3,NUM NUM magazines/nn that/wdt
C3,NUM NUM ./ 
C6,NUM NUM payments/nn ./
C5,NUM NUM in/in fast/jj
C6,NUM NUM bonds/nn due/jj
C6,  on/in the/dt
C6,NUM NUM serial/jj bonds/nn
C6,NUM NUM term/nn bonds/nn
C6,NUM NUM / this/dt
C5,NUM NUM advanced/vbd 22/ab
C6,NUM NUM rates/nn and/cc
C6,NUM NUM rates/nn ./
C6,NUM NUM rates/nn down/in
C5,NUM NUM / or/cc
C6,NUM NUM rates/nn ./
C1,NUM NUM in/in helping/vbg
C5,NUM NUM include/vbp concrete/nn
C5,NUM NUM in/in the/dt
C5,NUM NUM ./ 
C4,NUM NUM / by/in
C6,NUM NUM rates/nn below/in
C3,NUM NUM find/vbp advantage/nn
C3,NUM NUM ./ 
C6,NUM NUM payment/nn that/wdt
C6,NUM NUM payments/nn ./
C6,NUM NUM payment/nn now/rb
C6,NUM NUM payments/nn to/to
C6,NUM NUM payments/nn under/in
C5,NUM NUM of/in mr./np
C6,NUM NUM payment/nn due/jj
C6,NUM NUM rates/nn banks/nn
C4,NUM NUM at/in heart/nn
C6,NUM NUM and/cc new/jj
C6,NUM NUM rates/nn /
C6,NUM NUM rates/nn in/in
C6,NUM NUM and/cc principal/jj
C6,NUM NUM due/jj sept./np
C6,NUM NUM payment/nn is/vbz
C6,NUM NUM income/nn on/in
C1,NUM NUM in/in the/dt
C1,NUM NUM than/in some/dt
C1,NUM NUM ./ 
C6, NUM serial/nn bonds/nn
C6,NUM NUM bonds/nn are/vbp
C6,NUM NUM bonds/nn are/vbp
C6,NUM NUM bonds/nn due/jj
C5,NUM NUM in/in oil/nn
C5,NUM NUM effective/jj sept./np
C5,NUM NUM / turned/vbd
C6,NUM NUM payments/nn for/in
C6,NUM NUM rates/nn ranging/vbg
C6,NUM NUM rates/nn remained/vbd
C1,NUM NUM because/in of/in
C1,NUM NUM for/in earnings/nn
C6,NUM NUM rates/nn is/vbz
C6,NUM NUM rate/nn reductions/nn
C6, NUM rates/nn generally/rb
C6,NUM NUM rates/nn decline/nn
C6,NUM NUM rates/nn in/in
C4,NUM NUM ./ 
C2,NUM NUM to/to the/dt
C4,NUM NUM / especially/rb
C5,NUM NUM is/vbz under/in
C6,NUM NUM rate/nn fell/vbd
C1,NUM NUM and/cc admiration/n
C5,NUM NUM / is/vbz
C6,NUM NUM rates/nn high/jj
C6,NUM NUM rates/nn to/to
C6, NUM rates/nn are/vbp
C6,NUM NUM bill/nn ./
C6,NUM NUM rates/nn changed/vbd
C1,NUM NUM in/in broadening/vbg
C3,NUM NUM ./ 
C1,NUM NUM in/in encouraging/vbg
C6, NUM rates/nn rose/vbd
C6,NUM NUM rates/nn to/to
C5,NUM NUM / or/cc
C6,NUM NUM rates/nn anytime/rb
C1,NUM NUM of/in major/jj
C5,NUM NUM in/in the/dt
C5,NUM NUM in/in century/np
C5,NUM NUM in/in richfield/np
C5,NUM NUM / including/vbg
C6, NUM rates/nn on/in
C3,NUM NUM ./ 
C6,NUM NUM obligations/nn falling/vbg
C5,NUM NUM in/in its/pp
C4,NUM NUM ./ 
C1,NUM NUM in/in liquidity/nn
C6,NUM NUM charges/nn for/in
C4,NUM NUM / /
C5, NUM in/in pars/np
C1,NUM NUM in/in capital/nn
C1,NUM NUM ./ 
C6, NUM rate/nn margins/nn
C6,NUM NUM ./ 
C6,NUM NUM / if/in
C6,NUM NUM rates/nn below/rb
C5,NUM NUM / again/rb
C6,NUM NUM rates/nn or/cc
C5,NUM NUM in/in cit/np
C1,NUM NUM from/in third/jj
C1,NUM NUM in/in the/dt
C3,NUM NUM ./ 
C6,NUM NUM bill/nn ./
C6,NUM NUM ./ 
C6,NUM NUM charges/nn ./
C5,NUM NUM in/in the/dt
C6,NUM NUM and/cc depreciation/n
C1,NUM NUM for/in sugar/nn
C6,NUM NUM rate/nn increases/nn
C6,NUM NUM rates/nn following/vbg
C6,NUM NUM at/in one/ab
C6,NUM NUM payment/nn last/jj
C5,NUM NUM later/rb ./
C6,NUM NUM costs/nn over/in
C6,NUM NUM from/in oct./np
C6,NUM NUM due/jj oct./np
C5,NUM NUM in/in matuschka/np
C3,NUM NUM ./ 
C1,NUM NUM than/in anticipated/vbn
C1,NUM NUM in/in environmental/jj
C1,NUM NUM in/in a/dt
C6,NUM NUM payments/nn in/in
C1,NUM NUM ./ 
C6,NUM NUM rates/nn higher/rbr
C6,NUM NUM rates/nn to/to
C5,NUM NUM / via/in
C5,NUM NUM in/in the/dt
C1,NUM NUM ./ 
C5,NUM NUM of/in his/pp
C1,NUM NUM in/in keeping/vbg
C5,NUM NUM in/in broadcasting/nn
C6,NUM NUM payment/nn due/jj
C6,NUM NUM on/in its/pp
C6,NUM NUM due/jj friday/np
C6,NUM NUM rates/nn on/in
C6,NUM NUM rates/nn to/to
C6,NUM NUM rates/nn since/in
C6,NUM NUM rate/nn after/in
C6,NUM NUM rates/nn on/in
C3,NUM NUM / stories/nn
C6,NUM NUM saved/vbn through/in
C6,NUM NUM rates/nn below/in
C5,NUM NUM in/in fii/np
C1,NUM NUM / including/vbg
C4,NUM NUM of/in investors/nn
C4,NUM NUM of/in the/dt
C6,NUM NUM payments/nn on/in
C6,NUM NUM payments/nn --
C1,NUM NUM in/in obtaining/vbg
C6,NUM NUM burden/n ./
C6,NUM NUM payments/nn ./
C6,NUM NUM payments/nn called/vbn
C6,NUM NUM payments/nn on/in
C6,NUM NUM rates/nn and/cc
C6,NUM NUM payments/nn a/dt
C6,NUM NUM bill/nn ./
C6,NUM NUM they/pp earn/vbp
C4,NUM NUM / /
C5,NUM NUM in/in newsprint/nn
C1,NUM NUM in/in making/vbg
C6,NUM NUM rates/nn ./
C6,NUM NUM rates/nn are/vbp
C6,NUM NUM rates/nn down/rb
C1,NUM NUM in/in buying/vbg
C1,NUM NUM in/in many/jj
C1,NUM NUM in/in the/dt
C6,NUM NUM rate/nn /
C5,NUM NUM in/in the/dt
C5,NUM NUM in/in an/dt
C1,NUM NUM in/in family/nn
C6,NUM NUM payment/nn due/jj
C6,NUM NUM was/vbd paid/vbn
C6,NUM NUM rate/nn differentials/nn
C6,  rates/nn aside/rb
C1,NUM NUM in/in acquiring/vbg
C1,NUM NUM are/vbp preliminary/jj
C1,NUM NUM in/in the/dt
C5,NUM NUM as/in part/nn
C5,NUM NUM in/in fine/np
C6,NUM NUM payments/nn on/in
C1,NUM NUM in/in the/dt
C1,NUM NUM in/in the/dt
C6,NUM NUM payments/nn ./
C6,NUM NUM rates/nn and/cc
C6,NUM NUM / profits/nn
C6,NUM NUM costs/nn /
C6,NUM NUM costs/nn if/in
C5,NUM NUM in/in ecuador/np
C1,NUM NUM ./ 
C6,NUM NUM rates/nn and/cc
C6,NUM NUM rates/nn /
C5,NUM NUM include/vbp a/dt
C3,NUM NUM begin/vbp ./
C4,NUM NUM ./ 
C4,NUM NUM that/wdt may/md
C5,NUM NUM in/in china/np
